1,cmn,我們試試看！
2,cmn,我该去睡觉了。
3,cmn,你在干什麼啊？
4,cmn,這是什麼啊？
5,cmn,今天是６月１８号，也是Muiriel的生日！
6,cmn,生日快乐，Muiriel！
7,cmn,Muiriel现在20岁了。
8,cmn,"密码是""Muiriel""。"
9,cmn,我很快就會回來。
10,cmn,我不知道。
11,cmn,我不知道應該說什麼才好。
12,cmn,這個永遠完不了了。
13,cmn,我只是不知道應該說什麼而已……
14,cmn,那是一隻有惡意的兔子。
15,cmn,我以前在山里。
16,cmn,那是一张近照吗？
17,cmn,我不知道我有沒有時間。
18,cmn,剛才我的麥克風沒起作用，不知道為什麼。
19,cmn,到了最後，大家一定要靠自己學習。
20,cmn,世界上的教育都讓我失望。
21,cmn,选择什么是“对”或“错”是一项艰难的任务，我们却必须要完成它。
22,cmn,這樣做的話什麼都不會改變的。
23,cmn,這個要三十歐元。
24,cmn,我一天賺一百歐元。
25,cmn,也许我会马上放弃然后去睡一觉。
26,cmn,那是不會發生的。
27,cmn,我会尽量不打扰你复习。
28,cmn,不要擔心。
29,cmn,我很想你。
30,cmn,我明天回來的時候會跟他們聯絡。
31,cmn,我一直都比較喜歡神秘一點的人物。
32,cmn,你應該去睡覺了吧。
33,cmn,我要走了。
34,cmn,我請他們再寄給我一張票。
35,cmn,我不能活那種命。
36,cmn,我曾經想過當個太空物理學家。
37,cmn,我從來沒喜歡過生物學。
38,cmn,可惜这是真的。
39,cmn,大部份的人覺得我瘋了。
40,cmn,不，我不是！你才是！
41,cmn,那是我該說的話!
42,cmn,他在踢我！
43,cmn,你肯定吗？
44,cmn,那就表示有問題...
45,cmn,哦！有一隻蝴蝶！
46,cmn,趕快!
47,cmn,如果我可以像那樣的話...
48,cmn,你是在跟我開玩笑吧？！
49,cmn,我長大後想當國王。
50,cmn,我好胖哦。
51,cmn,那又怎樣?
52,cmn,我要把他射下來。
53,cmn,那是因為妳是女生。
54,cmn,我会不高兴，但我不会自杀。
55,cmn,以前讀高中的時候﹐我每天早上六點起床。
56,cmn,你問這個幹什麼?
57,cmn,你待了多久?
58,cmn,我不知道它是从哪里来的。
59,cmn,這個不重要。
60,cmn,哪裡有問題?
61,cmn,不要再把我当成“正常” 人!
62,cmn,所有被发明的都是真的。
63,cmn,感到惊讶、感到惊奇就是明白的开始。
64,cmn,宇宙毫无疑问是无限的。
65,cmn,要变得完美，她就是少了一个缺点。
66,cmn,然而，相反的理论往往也是真的。
67,cmn,我们看东西不是看其实质，而是以我们的主观意识看它们的。
68,cmn,世界就是一个疯子的囚笼。
69,cmn,我叫Jack。
70,cmn,从来就没有徒劳的爱情。
71,cmn,生活就是當你忙著進行你的計劃時總有其他的事情發生。
72,cmn,没有欲望就等于拥有。
73,cmn,聖誕節快樂！
74,cmn,罗马不是一天建成的。
75,cmn,你是从哪个国家来的？
77,deu,Lass uns etwas versuchen!
78,deu,Ich muss schlafen gehen.
80,deu,Was ist das?
81,deu,Heute ist der 18. Juni und das ist der Geburtstag von Muiriel!
82,deu,"Herzlichen Glückwunsch zum Geburtstag, Muiriel!"
83,deu,Muiriel ist jetzt 20.
84,deu,"Das Passwort ist ""Muiriel""."
85,deu,Ich werde bald zurück sein.
87,deu,Ich finde keine Worte.
88,deu,Das wird nie enden.
89,deu,"Ich weiß einfach nicht, was ich sagen soll."
90,deu,Das war ein böses Kaninchen.
91,deu,Ich war in den Bergen.
93,deu,"Ich weiß nicht, ob ich Zeit dazu habe."
94,deu,Aus irgendeinem Grund hat das Mikrofon gerade nicht funktioniert.
95,deu,Letztendlich muss jeder selbst lernen.
96,deu,Die Ausbildung in dieser Welt enttäuscht mich.
97,deu,Zum Lernen sollte man nicht gezwungen werden. Zum Lernen sollte man ermutigt werden.
98,deu,"Es ist eine schwere Aufgabe, zwischen ""richtig"" und ""falsch"" zu unterscheiden, aber man muss es tun."
99,deu,Das wird nichts ändern.
100,deu,Das wird 30 € kosten.
101,deu,Ich verdiene 100 Euro pro Tag.
102,deu,"Es kann sein, dass ich bald aufgebe und stattdessen ein Nickerchen mache."
103,deu,"Das liegt daran, dass du nicht allein sein willst."
104,deu,Das wird nicht passieren.
105,deu,Manchmal kann er ein seltsamer Junge sein.
106,deu,"Ich werde mir Mühe geben, dich nicht beim Lernen zu stören."
107,deu,"Ich kann mich nur fragen, ob es für alle anderen dasselbe ist."
108,deu,"Ich vermute, das ist anders, wenn du darüber längerfristig nachdenkst."
109,deu,Mach dir keine Sorgen.
110,deu,Ich vermisse dich.
111,deu,"Ich werde sie morgen anrufen, wenn ich zurückkomme."
112,deu,Ich mochte mysteriöse Charaktere schon immer mehr.
113,deu,Du solltest schlafen.
115,deu,"Ich sagte ihnen, sie sollen mir ein neues Ticket schicken."
116,deu,Du bist so ungeduldig mit mir.
117,deu,Ich kann so ein Leben nicht leben.
118,deu,Ich wollte mal Astrophysiker werden.
119,deu,Ich mochte Biologie noch nie.
120,deu,"Die letzte Person, der ich meine Idee erzählt habe, dachte, ich wäre bekloppt."
121,deu,"Wenn die Welt nicht so wäre wie sie jetzt ist, könnte ich jedem vertrauen."
122,deu,Unglücklicherweise stimmt es.
123,deu,"Sie sind zu sehr damit beschäftigt, sich gegenseitig zu bekämpfen, als dass sie sich gemeinsamen Idealen widmen könnten."
124,deu,"Die meisten Leute denken, ich sei verrückt."
125,deu,"Nein, ich bin es nicht, du bist es!"
126,deu,Das war mein Satz!
127,deu,Er tritt mich!
128,deu,Bist du sicher?
129,deu,Dann haben wir ein Problem...
130,deu,"Oh, da ist ein Schmetterling!"
131,deu,Beeil dich!
132,deu,Es überrascht mich nicht.
133,deu,Wenn ich so sein könnte...
134,deu,Aus irgendeinem Grund fühle ich mich nachts lebendiger.
135,deu,Das kommt auf den Zusammenhang an.
136,deu,Willst du mich verdammt nochmal auf den Arm nehmen?!
137,deu,"Das ist das Dümmste, was ich je gesagt habe."
138,deu,"Ich will nicht erbärmlich sein, ich will cool sein!!"
139,deu,"Wenn ich groß bin, will ich ein König sein."
140,deu,"Es ist wundervoll in Amerika zu sein, wenn man hier ist, um Geld zu verdienen."
141,deu,Ich bin so dick.
142,deu,Na und?
143,deu,Ich werde ihn erschießen.
144,deu,"Ich bin kein echter Fisch, ich bin nur ein einfaches Plüschtier."
145,deu,Ich sag's ja nur!
146,deu,"Wahrscheinlich war es das, was ihre Entscheidung beeinflusst hat."
147,deu,"Ich habe mich immer gefragt, wie es wäre, Geschwister zu haben."
148,deu,Das hätte ich gesagt.
149,deu,"Es würde ewig dauern, alles zu erklären."
150,deu,"Es liegt daran, dass du ein Mädchen bist."
151,deu,"Manchmal kann ich es nicht vermeiden, Gefühle zu zeigen."
152,deu,"Es ist ein Wort, für das ich gerne einen Ersatz finden würde."
153,deu,"Das wäre etwas, das ich programmieren sollte."
154,deu,"Ich beabsichtige nicht, selbstsüchtig zu sein."
155,deu,"Lass uns über das Schlimmste, das passieren könnte, nachdenken."
156,deu,Wie viele enge Freunde hast du?
157,deu,"Ich bin vielleicht asozial, aber das heißt nicht, dass ich nicht mit Leuten rede."
158,deu,Das ist immer so gewesen.
159,deu,"Ich denke, es ist am besten, nicht unhöflich zu sein."
160,deu,Man kann immer Zeit finden.
161,deu,"Ich wäre unglücklich, aber ich würde keinen Selbstmord begehen."
162,deu,Damals im Gymnasium bin ich jeden Morgen um 6 Uhr aufgestanden.
163,deu,"Als ich aufgewacht bin, war ich traurig."
164,deu,Das ist am Ende einigermaßen erklärt.
165,deu,"Ich dachte, du würdest gerne neue Sachen lernen."
166,deu,Die meisten Menschen schreiben über ihr Alltagsleben.
167,deu,"Wenn ich dir ein Marshmallow schicken könnte, Trang, würde ich es tun."
168,deu,"Um das zu tun, musst du Risiken eingehen."
169,deu,"Jeder Mensch, der allein ist, ist allein, weil er Angst vor den anderen hat."
170,deu,Warum fragst du?
171,deu,Ich bin kein Künstler. Ich hatte niemals das Zeug dazu.
172,deu,Ich kann es ihr jetzt nicht sagen. Das ist nicht mehr so einfach.
173,deu,"Ich bin ein Mensch, der viele Fehler hat, aber diese Fehler können leicht korrigiert werden."
174,deu,"Immer, wenn ich etwas finde, das mir gefällt, ist es zu teuer."
175,deu,Wie lange bist du geblieben?
176,deu,Vielleicht wird es für ihn genauso sein.
177,deu,Unschuld ist eine schöne Sache.
178,deu,"Die Menschen waren nie dazu gedacht, ewig zu leben."
179,deu,"Ich will meine Ideen nicht verlieren, selbst wenn einige von ihnen ein bisschen extrem sind."
180,deu,"Ich denke, ich habe dazu eine Theorie."
181,deu,Das macht neugierig.
182,deu,"Meinst du gerade, dass du absichtlich deine Schönheit versteckst?"
183,deu,Ich habe kein Konto in diesen Foren.
184,deu,"Wenn jemand fragen sollte, was die Pointe der Geschichte sei, ich wüsste es wirklich nicht."
185,deu,"Ich wusste nicht, woher es kam."
186,deu,"Ich denke, dass mein Zusammenleben mit dir deine Lebensweise beeinflusst hat."
187,deu,Dies ist nicht wichtig.
188,deu,Ich möchte es nicht.
189,deu,"Sie fragt, wie das möglich ist."
190,deu,Du läufst einfach vor den Problemen des Lebens davon.
191,deu,"Wenn du den Liedtext anschaust, bedeutet er nicht wirklich viel."
192,deu,"Es gibt da ein Problem, das du nicht siehst."
193,deu,Du kannst das machen!
194,deu,"Meinem Physiklehrer ist es egal, wenn ich den Unterricht schwänze."
195,deu,"Ich wünschte, ich könnte nach Japan gehen."
196,deu,"Ich hasse es, wenn viele Leute da sind."
197,deu,Ich muss ins Bett gehen.
198,deu,"Danach gehe ich, aber dann merke ich, dass ich meinen Rucksack vergessen habe."
199,deu,Ich werde dich heute nichts mehr fragen.
200,deu,Nächste Woche wird es vielleicht Frost geben.
201,deu,"Obwohl er sich entschuldigt hat, bin ich immer noch wütend."
202,deu,"Die Polizei wird euch dazu bringen, die Kugeln zu finden."
203,deu,"Danke, dass Sie mir letzten Endes erklärt haben, warum die Leute mich für einen Idioten halten."
204,deu,Das war nicht meine Absicht.
205,deu,Danke für Ihre Erklärung.
206,deu,Theoretisch mache ich gerade Mathe.
207,deu,Was passierte?
208,deu,"Wenn du mich nicht so gekannt hast, dann hast du mich einfach gar nicht gekannt."
209,deu,"Es hat mir fast Angst gemacht, dich einen ganzen Tag nicht online zu sehen."
210,deu,"Ich weiß nicht, was du meinst."
211,deu,Mein Computer muss mir zu etwas nützen.
212,deu,Du wolltest mit mir über Freiheit sprechen?
213,deu,"Oh, jetzt ist es wirklich verwirrend..."
214,deu,"Wenn ich dich erschrecken wollte, würde ich dir erzählen, was ich vor ein paar Wochen geträumt habe."
215,deu,Man kann nicht alles von den Schulen erwarten.
216,deu,"Es gibt viele Wörter, die ich nicht verstehe."
217,deu,"Ich mag es nicht, wenn Mathematiker, die viel mehr als ich wissen, sich nicht genau ausdrücken können."
218,deu,Du bist nicht wirklich dumm.
219,deu,Ich muss dir eine dumme Frage stellen.
220,deu,"Ich weiß nicht, wie ich es beweisen soll, so selbstverständlich wie es ist!"
221,deu,"Ich hätte nicht gedacht, dass ich eines Tages bei Wikipedia ""Viagra"" nachschauen würde."
222,deu,Kann man das anders ausdrücken?
223,deu,Niemand wird's erfahren.
224,deu,"Ich habe eine Lösung gefunden, aber ich habe sie so schnell gefunden, dass es nicht die richtige Lösung sein kann."
225,deu,Das scheint mir interessant!
226,deu,"Nur, dass es hier nicht so einfach ist."
227,deu,Ich mag gerne Kerzenlicht.
228,deu,Was hast du geantwortet?
229,deu,"Nein, er ist nicht mein neuer Freund."
230,deu,"Es ist schade, dass ich nicht abnehmen muss."
231,deu,Hast du nie Unterricht oder was?!
232,deu,"Ich werde also Sudoku spielen, anstatt dich weiter zu stören."
233,deu,Wo ist das Problem?
235,deu,"Das ist keine große Überraschung, oder?"
237,deu,Ich mag dich nicht mehr.
238,deu,Ich bin neugierig.
239,deu,Herzlichen Glückwunsch.
240,deu,Ich will nicht so lange warten.
241,deu,Warum kommst du uns nicht besuchen?
242,deu,Aber die Möglichkeit scheint unwahrscheinlich.
244,deu,"Es war eine schlechte Idee, sich abzumelden."
245,deu,"Ich weiß nicht mehr, was ich tun soll."
246,deu,"Es ist unvermeidbar, dass ich eines Tages nach Frankreich gehe, ich weiß nur nicht, wann."
247,deu,Ich hasse Chemie.
248,deu,"Ich wollte nicht, dass das passiert."
249,deu,"Du kannst vermutlich erahnen, was indessen passiert."
250,deu,"Bevor du dich versiehst, wirst du in der Zeitung sein."
251,deu,Was für andere Optionen habe ich?
252,deu,Ich habe nicht viel von einem Reisenden.
253,deu,Ich habe nichts Besseres zu tun.
254,deu,Ich kann es auch nicht erklären.
256,deu,"Aber im Ernst, die Episode 21 hat mich fast vor Lachen weinen lassen."
257,deu,"Es zeigt nur, dass du kein Roboter bist."
258,deu,Wie könnte ich ein Roboter sein? Roboter träumen nicht.
259,deu,"Daran habe ich nie gedacht, sagte der alte Mann. ""Was sollen wir tun?"""
260,deu,"Das ist nichts, was jeder Beliebige tun kann."
261,deu,"Ich weiß nicht, ob ich es noch habe."
262,deu,"Was denkst du, was ich gerade gemacht habe?"
263,deu,Unterschätze nicht meine Macht!
264,deu,Meine Mutter spricht nicht sehr gut Englisch.
265,deu,Ich spreche nicht gut genug Französisch!
266,deu,"Ich fragte mich, ob du heute kommen würdest."
267,deu,Dort liegt das Problem.
268,deu,Wie findest du Nahrung im Weltraum?
269,deu,"Ihr müsst nichts tun, außer euch zu vertrauen."
270,deu,Alle wollen dich kennenlernen. Du bist berühmt!
271,deu,"Wieso tut dir etwas leid, das du nicht gemacht hast?"
272,deu,Ich verabscheue förmliches Schreiben zutiefst!
273,deu,Ausländer machen mich neugierig.
274,deu,"Was auch immer ich tue, sie sagt, ich kann es besser."
275,deu,Warum bist du um diese Uhrzeit noch wach?
276,deu,"Du wärst überrascht, was man in einer Woche lernen kann."
277,deu,"Ich habe niemanden, der mit mir reisen würde."
278,deu,Du bist nicht schnell genug.
279,deu,"Das Leben ist hart, aber ich bin härter."
280,deu,Ertragen kann unerträglich sein.
281,deu,Hör auf! Sie fühlt sich dadurch unbehaglich!
282,deu,Nur die Wahrheit ist schön.
283,deu,Morgen wird er auf dem Mond landen.
284,deu,Ich spreche kein Japanisch.
285,deu,Das ist ein Wortspiel.
286,deu,Niemand versteht mich.
287,deu,"Ich habe gelernt, ohne sie zu leben."
288,deu,"Das bringt nichts mehr, weiter nachzudenken."
289,deu,Mir gehen in diesen Tagen zu viele Dinge durch den Kopf.
290,deu,Ich wollte gerade meine E-Mails abrufen.
291,deu,"Musst du wirklich die Frage stellen, um die Antwort zu erfahren?"
292,deu,"Du kannst nicht von mir erwarten, dass ich immer an alles denke!"
293,deu,"Ich vermute, dass es hinter jeder Sache, die wir tun müssen, etwas gibt, das wir tun wollen..."
294,deu,Du hast wirklich nicht die richtigen Prioritäten!
295,deu,"Man darf nicht darauf warten, dass die anderen für einen denken!"
296,deu,Du hast nie Zeit für die wichtigen Dinge!
297,deu,"Das ist die Mühe nicht wert, so zu tun, als würdest du mich dazu bringen, zu glauben, dass ich Dinge glaube, die du nicht glaubst."
298,deu,"Das würde zu lange dauern, dir zu erklären, warum das nicht funktionieren wird."
299,deu,"Ich bin so blöd... ich versuche, dir Dinge zu erklären, die ich selbst nicht verstehe."
300,deu,"Hör auf, mich als einen ""normalen"" Menschen anzusehen!"
301,deu,"Du könntest zumindest versuchen, ein bisschen höflicher zu sein, auch wenn das nicht in deiner Natur liegt."
302,deu,"Es gibt immer Dinge, die ich nie lernen werde, ich habe nicht ewig Zeit."
303,deu,Das ist nicht möglich!
304,deu,"Ich wünschte, ich könnte mir mehr aus Noten machen, aber scheinbar habe ich an einem gewissen Punkt in meinem Leben entschieden, dass es nicht mehr so wichtig sei."
305,deu,"„Wer rastet, der rostet“ ist ein Sprichwort."
306,deu,Willst du etwas zum Trinken?
307,deu,"Wer ist es? ""Es ist deine Mutter."""
308,deu,„Wann wirst du zurückkommen?“ – „Das hängt ganz vom Wetter ab.“
309,deu,„Was ist los?“ fragte das kleine weiße Kaninchen.
310,deu,„Was passiert in der Höhle? Ich bin neugierig.“ – „Ich habe keine Ahnung.“
311,deu,"Was ist dein Wunsch?, fragte das kleine weiße Kaninchen."
312,deu,"Wir müssen lernen, als Brüder zusammen zu leben, oder wir werden als Narren zusammen untergehen."
313,deu,"Öh, wie funktioniert das?"
314,deu,"Um die Wahrheit zu sagen, ich habe Höhenangst. ""Du bist ein Angsthase!"""
315,deu,"Vertraue mir, sagte er."
316,deu,"„Danach habe ich gesucht“, erklärte er."
317,deu,"„Das sieht ziemlich interessant aus“, sagt Hiroshi."
318,deu,Ihre Kommunikation ist vielleicht viel komplexer als wir dachten.
319,deu,"Das Telefon klingelt. ""Ich geh' dran."""
320,deu,"Das ist sehr nett von Ihnen, antwortete Willie."
321,deu,„Danke für die Hilfe.“ – „Keine Ursache.“
322,deu,Irgendwann werde ich wie der Wind rennen.
323,deu,"Sie mag Musik. ""Ich auch."""
325,deu,"Lass es mich wissen, wenn es irgendetwas gibt, was ich tun kann."
326,deu,"Möglicherweise ist das Glück, das uns dort erwartet, überhaupt nicht die Art Glück, die wir uns wünschen würden."
327,deu,"Du entscheidest, ob wir dahin gehen oder nicht."
328,deu,Das fängt nicht vor acht Uhr dreißig an.
329,deu,"Ich wünsche mir ein Boot, das mich weit weg von hier bringt."
330,deu,"„Ich habe Lust, Karten zu spielen.“ – „Ich auch.“"
331,deu,"Sind wir uns nicht schon einmal begegnet?, fragte der Student."
332,deu,Ein Japaner würde so etwas nie tun.
334,deu,Der Bogenschütze tötete den Hirsch.
335,deu,"Der Kommunismus wird nie erreicht werden, solange ich lebe."
336,deu,Der Roggen wurde Arme-Leute-Getreide genannt.
337,deu,"In den 1950ern sagte man den Finnen nach, eine der ungesündesten Ernährungsweisen der Welt zu haben."
338,deu,"Wenn du einen Fehler siehst, dann korrigiere ihn bitte."
339,deu,Lege das Kartenspiel auf den Eichentisch.
340,deu,Die Deutschen sind sehr listig.
341,deu,"Wenn man nicht isst, stirbt man."
342,deu,"Wie schreibt man ""pretty""?"
343,deu,Wieso gehen wir nicht heim?
344,deu,"Es tut mir leid, ich kann nicht lange bleiben."
345,deu,10 Jahre sind eine lange Zeit zum Warten.
346,deu,„Wieso gehst du nicht?“ – „Weil ich nicht will.“
347,deu,Eine Million Menschen haben im Krieg ihr Leben verloren.
348,deu,Ich kam vor drei Jahren nach Tokyo und seither habe ich hier gelebt.
349,deu,Ich habe mehr als einen Monat lang in Nagoya gelebt.
350,deu,"Es ist überhaupt nicht selten, länger als neunzig Jahre zu leben."
352,deu,Zuerst werde ich ein Schema meiner neuen Website machen.
354,deu,"Demokratie ist die schlechteste Regierungsform, abgesehen von allen anderen, die ausprobiert wurden."
355,deu,"Wenn man beginnt, seinem Passfoto ähnlich zu sehen, sollte man in den Urlaub fahren."
356,deu,"Ich war's nicht, Kommissar!"
357,deu,"Oh, meine weiße Hose! Sie war neu."
358,deu,Bei so vielen Leuten wurde er natürlich etwas nervös.
359,deu,Beim Verlassen des Bahnhofs sah ich einen Mann.
360,deu,Und niemand hat Ihnen geholfen?
361,deu,Du bist ein Engel!
362,deu,Die Madrilenen sind verrückt.
363,deu,"Nun gut, die Nacht ist sehr lang, oder?"
364,deu,"Du hast Glück gehabt, dass er dich nicht gebissen hat."
365,deu,Hast du mich vermisst?
367,deu,Sind sie alle gleich?
368,deu,Vielen Dank!
369,deu,Wo sind bitte die Eier?
370,deu,Ich nehme ihn.
371,deu,Das ist eine Überraschung.
372,deu,Das ist eine gute Idee!
373,deu,Hin- und Rückfahrt? Nur Hinfahrt.
374,deu,"Es ist schade, wenn jemand stirbt."
375,deu,Der Mund blieb ihnen offen stehen.
376,deu,Donnerwetter! Das ist nicht schlecht!
377,deu,Nach der Wäsche in Form bringen.
378,deu,Vor dem Tragen waschen.
379,deu,"Nicht öffnen, bevor der Zug hält."
381,deu,"Wer im Glashaus sitzt, sollte nicht mit Steinen werfen."
382,deu,"Man sagt, Liebe mache blind."
383,deu,"Oh, tut mir leid."
384,deu,"Mathe ist wie Liebe - eine einfache Idee, aber es kann kompliziert werden."
385,deu,"Antworten sind nur dann nützlich, wenn sie neue Fragen aufwerfen."
386,deu,"An sich selbst zu zweifeln, ist das erste Zeichen von Intelligenz."
387,deu,"Arm ist nicht, wer zu wenig besitzt, sondern, wer zu viel haben möchte."
388,deu,"Da du nicht überrascht bist, denke ich, musst du es gewusst haben."
389,deu,Wie lange braucht man bis zum Bahnhof?
390,deu,Das wird eine gute Erinnerung an meine Reise durch die Vereinigten Staaten sein.
391,deu,"Entschuldigung, erlauben Sie mir, auf drei Fehler in dem obigen Artikel hinzuweisen."
393,deu,"Es ist schwierig, ein Gespräch mit jemandem zu führen, der nur ""Ja"" und ""Nein"" sagt."
394,deu,Sprichst du Italienisch?
395,deu,"Ich kann bei diesem Lärm nicht denken, sagte sie auf die Schreibmaschine starrend."
396,deu,"Man sagt, dass ""Hamlet"" das interessanteste Stück sei, das je geschrieben wurde."
397,deu,"Mama, darf ich einen Keks essen? ""Nein, darfst du nicht. Man sollte nicht zwischen den Mahlzeiten essen."""
398,deu,Könnte ich eine Frage stellen?
399,deu,"Wie fühlst du dich?, fragte er."
400,deu,"Es ist ziemlich schwierig, Französisch nach 2, 3 Jahren zu beherrschen."
401,deu,"Es ist mir unmöglich, es dir zu erklären."
402,deu,"Ich möchte nicht mein restliches Leben damit verbringen, es zu bereuen."
403,deu,"Es wäre lustig zu sehen, wie die Dinge sich im Lauf der Jahre ändern."
404,deu,Das hätte ich nie gedacht.
405,deu,Die Fantasie hat Auswirkungen auf alle Aspekte in unserem Leben.
406,deu,Du wirst mich eines Tages vergessen.
407,deu,Das ist ziemlich unerwartet.
408,deu,"Ich frage mich, wie lange es dauern wird."
409,deu,Ich kann ohne Fernsehen nicht leben.
410,deu,Ich hätte es ohne dich nicht machen können. Danke.
411,deu,Ohne Anstrengung erreicht man nichts.
412,deu,Viele Menschen wandern ziellos durchs Leben.
413,deu,Ein Leben ohne Liebe hat überhaupt keinen Sinn.
414,deu,"Lasst es mich wissen, wenn ich irgendwelche Änderungen machen muss."
415,deu,"Ich denke, dass Prüfungen die Erziehung ruinieren."
416,deu,Wir können wegen des Lärms nicht schlafen.
417,deu,Hast du ein Kondom?
418,deu,„Eine Katze?“ fragte der alte Mann.
419,deu,"Tu, was auch immer er dir befiehlt."
420,deu,Ich kann in 10 Minuten zur Schule gehen.
421,deu,"Ich habe über zwei Stunden gebraucht, um einige Seiten Englisch zu übersetzen."
422,deu,Es ist schon 11 Uhr.
423,deu,Könnte ich Fräulein Brown sprechen?
424,deu,"Ja, Orangensaft bitte, sagt Mike."
425,deu,Ah! ist ein Ausruf.
427,deu,"Die Verpflichtung zum Schulbesuch wird selten analysiert in der Vielzahl der Werke, die den mannigfaltigen Arten gewidmet sind, bei Kindern den Wunsch zu lernen zu entwickeln."
428,deu,Mann bist du doof! Ich muss dir echt alles erklären!
429,deu,Ich habe ein Hühnchen mit dir zu rupfen.
430,deu,"Ist es nötig, dass ich dir Geld gebe?"
431,deu,Paris ist die schönste Stadt der Welt.
432,deu,"Ich dachte immer, einen Herzanfall zu haben, sei die Art der Natur, dir zu sagen, dass du sterben musst."
433,deu,"He, ich habe vielleicht kein Geld, aber ich habe immer noch meinen Stolz."
434,deu,Ich habe einen Traum.
435,deu,"Das ist meine Freundin Rachel, wir sind zusammen ins Gymnasium gegangen."
436,deu,Die Lebenshaltungskosten sind drastisch gestiegen.
437,deu,Alles Erfundene ist wahr.
438,deu,"Überrascht sein, sich wundern, heißt anfangen, zu verstehen."
439,deu,Zweifellos ist das Universum unendlich.
440,deu,Zur Vollkommenheit fehlte ihr nur ein Fehler.
441,deu,"Und doch, auch das Gegenteil ist immer wahr."
442,deu,"Wir sehen die Dinge nicht, wie sie sind, sondern wie wir sind."
443,deu,Die Welt ist ein Irrenhaus.
444,deu,"Kein Schüler beschwert sich je, Schmerzen im Frontallappen der linken Gehirnhälfte zu haben."
445,deu,"Du hast mir die Augen dafür geöffnet, wie es ist, wenn alles gut geht."
446,deu,"Du hast mich gefunden, wo sonst niemand gesucht hat."
447,deu,"Du bist an meiner Seite, jetzt ist alles gut."
448,deu,"Wie, du weißt nicht?!"
449,deu,Du siehst dumm aus.
450,deu,"Ich denke, ich werde schlafen gehen."
451,deu,"Ich muss einkaufen gehen, ich komme in einer Stunde zurück."
452,deu,Ich heiße Jack.
453,deu,Es gefällt mir sehr gut.
454,deu,Sehen wir uns morgen?
455,deu,Wie heißt das auf Italienisch?
456,deu,Ist es weit von hier?
457,deu,Das sind nicht meine Sachen!
458,deu,"Danke, das ist alles."
459,deu,Tanzt du mit mir?
460,deu,Wie viel Uhr ist es?
464,deu,Es ist nicht meine Schuld!
465,deu,Ich möchte eine Nacht bleiben.
466,deu,Könnten Sie für mich wählen? Das Telefon hängt zu hoch.
467,deu,Gibt es hier in der Nähe eine Jugendherberge?
468,deu,Wo sind die Duschen?
469,deu,Öffnen Sie den Mund!
470,deu,Ist es schlimm?
471,deu,Ich habe meine Brieftasche verloren.
472,deu,Ich bin einverstanden.
473,deu,Liebe ist nie verschwendet.
474,deu,"Leben ist das, was dir zustößt, während du gerade damit beschäftigt bist, andere Pläne zu machen."
475,deu,Nicht wollen ist das Gleiche wie haben.
476,deu,Er ist sehr sexy.
477,deu,Lass mich in Ruhe!
478,deu,"„Gib mir bitte das Salz.“ „Hier, nimm.“"
479,deu,Es gibt zu viele Dinge zu tun!
480,deu,Wie alt bist du?
481,deu,"Los, spiel' mit mir, mir ist so langweilig!"
482,deu,"Denk nicht mal dran, meine Schokolade zu essen!"
483,deu,"Hör auf, mich um ein Getränk zu bitten! Geh, hol dir selbst eins."
484,deu,Dank dir habe ich meinen Appetit verloren.
485,deu,"Ich habe wirklich das Bedürfnis, jemanden zu schlagen."
486,deu,"Das ist so lange her, dass ich mit meiner Familie ins Disneyland gegangen bin."
487,deu,Meine Eltern streiten sich dauernd wegen Kleinigkeiten. Das regt mich so auf!
488,deu,"Wenn du dich nicht mit Sonnencreme eincremen willst, ist das deine Sache. Aber beschwer' dich später nicht bei mir, wenn du Sonnenbrand hast."
489,deu,"Meine Freunde sagen immer, ich sei zu ruhig, aber meine Familie sagt immer, ich sei zu nervig."
490,deu,"Ich hasse diese Spinnen; wegen denen flippe ich jedes Mal aus, wenn ich sauber mache."
491,deu,"Zu nervig... Ich kann nicht einmal einen Computer benutzen, ohne Kopfweh zu bekommen!"
492,deu,"Es ist so heiß, dass man Eier auf den Motorhauben der Autos braten könnte."
493,deu,Wer kennt dieses Problem nicht?!
494,deu,Heute ist es sehr heiß.
495,deu,Es ist niemand gekommen.
496,deu,Ich habe noch nie einen roten Kühlschrank gesehen.
497,deu,Er hat sein Wort gebrochen.
498,deu,"Lieber für das gehasst werden, was man ist, als geliebt werden für das, was man nicht ist."
499,deu,"Es ist einsam im Sattel, seit das Pferd gestorben ist."
500,deu,"Die Mathematik ist der Teil der Wissenschaft, den man weiter betreiben könnte, wenn man morgen aufwachen würde und entdecken würde, dass das Universum weg ist."
501,deu,"Meine Augen sind ein Ozean, in dem sich meine Träume spiegeln."
502,deu,"Ihr kennt den Satz, wir ernten, was wir säen. Ich habe den Wind gesät und hier ist mein Sturm."
503,deu,"Schau mich an, wenn ich mit dir rede!"
504,deu,Was wäre die Welt ohne Frauen?
505,deu,"Was wäre, wenn du eine Rede halten würdest, und niemand käme?"
506,deu,"Ich weiß nicht, was ich sagen soll, um dich zu trösten."
507,deu,Er ist nicht mein Typ.
508,deu,"Ich versuchte, die Zeit totzuschlagen."
509,deu,Wie bist du auf diese verrückte Idee gekommen?
511,deu,Wer will heiße Schokolade?
512,deu,Sprechen Sie bitte langsamer!
516,deu,Und was werden wir machen?
517,deu,Ich habe Kopfweh.
518,deu,Wo kann man telefonieren?
519,deu,"Ich muss zugeben, dass ich schnarche."
520,deu,Heute Abend gehen wir in die Kirche.
521,deu,Wie geht's dir? Hattest du eine gute Reise?
522,deu,Ich fühle mich nicht gut.
523,deu,Rufen Sie die Polizei!
524,deu,Das ist zu teuer!
525,deu,"Sie gibt nur vor zu schlafen, deswegen schnarcht sie nicht."
526,deu,"Meine Schuhe sind zu klein, ich brauche neue."
527,deu,"Hauen wir ab von hier, die Bullen kommen."
528,deu,Fröhliche Weihnachten!
529,deu,"Das wäre zu cool, wenn ich zehn Sprachen sprechen könnte!"
530,deu,"Wenn du müde bist, wieso gehst du nicht schlafen? ""Weil ich zu früh aufwachen werde, wenn ich jetzt schlafen gehe."""
531,deu,Du hättest mir zuhören sollen.
532,deu,Das ist ein totales Schlamassel und es geht mir auf die Nerven.
533,deu,"Wenn der Körper berührt wird, schicken Rezeptoren in der Haut Nachrichten zum Gehirn und verursachen die Ausschüttung von chemischen Stoffen wie Endorphinen."
534,deu,Was bringt das mit sich?
535,deu,"Man erwartet, dass 2006 hundertfünfzigtausend Paare in Shanghai heiraten."
536,deu,Die Ausgewählten werden umfassende medizinische und psychologische Tests machen müssen.
537,deu,Eine halbe Million Kinder im Niger leidet immer noch an Unterernährung.
538,deu,"Es wird fünf bis zehn Jahre dauern, bis die Technologie bereit ist."
539,deu,Fahrräder sind Hilfsmittel für städtische Nachhaltigkeit.
540,deu,"Die französische Regierung hat ein Online-Spiel auf den Markt gebracht, das Steuerzahler auffordert, den Staatshaushalt auszugleichen."
541,deu,"Er wäre froh, das zu hören."
542,deu,"Was glauben Sie ist wahr, obwohl Sie es nicht beweisen können?"
543,deu,Computer machen die Leute dumm.
544,deu,"Fragt nicht, was sie denken. Fragt, was sie tun."
545,deu,"Wenn Sie versuchen, etwas zu beweisen, hilft es zu wissen, dass es wahr ist."
546,deu,"Was die Welt verändert, ist Kommunikation, nicht Information."
547,deu,Die meisten wissenschaftlichen Durchbrüche sind nichts anderes als die Entdeckung von etwas Selbstverständlichem.
548,deu,"Wenn Sie etwas nicht verstehen, dann, weil Sie sich nicht des Kontextes bewusst sind."
549,deu,"Die Vergangenheit kann man nur kennen, nicht ändern. Die Zukunft kann man nur ändern, nicht kennen."
550,deu,"Die Schlüsselfrage ist nicht, was ich gewinnen kann, sondern, was ich verlieren kann."
551,deu,"Alles, was falsch verstanden werden kann, wird falsch verstanden werden."
552,deu,"Jedes Universum, das einfach genug ist, um verstanden zu werden, ist zu einfach, um einen Geist hervorzubringen, der es versteht."
553,deu,Warum ist das Leben so voll mit Leiden?
554,deu,Trotz der Wichtigkeit von Schlaf ist sein Zweck ein Rätsel.
555,deu,"Was bedeutet es, im 21. Jahrhundert einen gebildeten Verstand zu haben?"
556,deu,Leidenschaft schafft Leiden.
557,deu,Der Zug aus Genf wird in den Bahnhof einfahren.
558,deu,Ich würde ihm gerne ein Geschenk zu seinem Geburtstag machen.
559,deu,Ich sterbe vor Hunger!
560,deu,Hast du Freunde in Antigua?
561,deu,Ein Kubikmeter entspricht 1000 Litern.
562,deu,"Ich habe so viel Arbeit, dass ich eine Stunde länger bleibe."
563,deu,Ich bin verheiratet und habe zwei Kinder.
564,deu,Er spielt sehr gut Klavier.
566,deu,Ich möchte in Paris studieren.
567,deu,"Ihr wisst nicht, wer ich bin."
568,deu,Warum isst du kein Gemüse?
569,deu,Warum gehen Leute ins Kino?
570,deu,Ich ziehe mich aus.
571,deu,Das Auto fuhr gegen die Mauer.
572,deu,Es gibt keine reellen Visionen.
573,deu,"Es bringt nichts, mir ""Hallo, wie geht's?"" zu sagen, wenn du sonst nichts zu sagen hast."
574,deu,"In einem Wörterbuch wie diesem sollte es mindestens zwei Sätze mit ""Kühlschrank"" geben."
575,deu,Der Kreationismus ist eine Pseudowissenschaft.
576,deu,Der Wind hat sich beruhigt.
578,deu,Ich will nicht um deine Hand anhalten!
579,deu,"Gib mir Zeit, dir alles zu geben, was ich habe!"
580,deu,"Ein Demokrat ist ein freier Bürger, der sich dem Willen der Mehrheit beugt."
583,deu,Rom ist nicht an einem Tage erbaut worden.
584,deu,Keine Antwort ist auch eine.
585,deu,„Bist du fertig?“ – „Im Gegenteil. Ich habe noch nicht einmal begonnen.“
586,deu,"Guten Morgen, sagte Tom mit einem Lächeln."
587,deu,"Warum sagt man ""Guten Tag!"", wenn der Tag nicht gut ist?"
588,deu,Wein ist in Flaschen gefüllte Poesie.
589,deu,Das war der schönste Tag in meinem Leben.
590,deu,Ich verstehe kein Deutsch.
591,deu,Ich habe meine Entscheidung getroffen.
592,deu,Ich gebe dir mein Wort.
594,deu,Du bist die große Liebe meines Lebens.
595,deu,"Objektiv sein heißt, nicht zu verraten, zu wem man hält."
596,deu,Wir haben einen Papst.
597,deu,"Ein Mathematiker ist ein Mensch, der einen ihm vorgetragenen Gedanken nicht nur sofort begreift, sondern auch erkennt, auf welchem Denkfehler er beruht."
598,deu,Das Ganze ist mehr als die Summe seiner Teile.
599,deu,Die Mathematik ist dem Verlangen nicht abträglich.
600,deu,"Eine mathematische Wahrheit ist weder einfach noch kompliziert, sie ist."
601,deu,"Mathematiker sind Dichter, nur müssen sie das, was ihre Fantasie schafft, auch beweisen."
602,deu,Die Mathematik ist wie die Logik der Physik.
603,deu,"Die Mathematiker sind eine Art Franzosen: redet man zu ihnen, so übersetzen sie es in ihre Sprache, und dann ist es alsobald ganz etwas anders."
604,deu,"Ein Experte ist jemand, der die schlimmsten Fehler kennt, die in seinem Gebiet gemacht werden können und weiß, wie man sie vermeidet."
605,deu,"Mathe zu machen ist die einzige gesellschaftlich akzeptable Art, sich in der Öffentlichkeit selbstzubefriedigen."
606,deu,"Es gibt 10 Arten von Menschen in der Welt: die, die das Binärsystem verstehen, und die, die es nicht verstehen."
607,deu,"Ich denke nicht, also bin ich nicht."
608,deu,"Heutzutage wollen wir, dass unsere Kinder ihre eigenen Entscheidungen treffen, aber wir erwarten, dass uns diese Entscheidungen passen."
609,deu,"Mach dir keine Sorgen, sei fröhlich!"
610,deu,"Im Alter von sechs Jahren hatte er gelernt, eine Schreibmaschine zu bedienen und er erklärte dem Lehrer, dass er nicht lernen müsste, mit der Hand zu schreiben."
611,deu,Ich finde Fremdsprachen sehr interessant.
612,deu,Ich lerne nicht gerne unregelmäßige Verben.
613,deu,Nimm ein Buch und lies es!
614,deu,Stell dich dem Leben lächelnd!
615,deu,"Die meisten Schulen wurden nicht konzipiert, um die Gesellschaft zu verändern, sondern um sie zu reproduzieren."
616,deu,Du bringst mich zum Träumen.
617,deu,Ich bin außer mir vor Freude.
618,deu,Er ist schon ein Mann.
619,deu,Die Ferien sind jetzt vorbei.
620,deu,Ich habe Angst zu fallen.
621,deu,Abendgarderobe ist erwünscht.
622,deu,Das ist die reine Wahrheit.
623,deu,Es ist kalt.
625,deu,"Wenn ich Leute frage, was sie in Bezug aufs Gymnasium am meisten bedauern, sagen fast alle das Gleiche: dass sie so viel Zeit verschwendet haben."
626,deu,"Wenn man nicht machen kann, was man will, macht man, was man kann."
627,deu,"Wenn man ihm den kleinen Finger gibt, so nimmt er die ganze Hand."
628,deu,Du hast Recht.
629,deu,Das hast du absichtlich getan!
630,deu,Du hast ihm nichts gesagt?
631,deu,Du hast mir den Kopf verdreht.
632,deu,Du bist mein Typ.
633,deu,Du bist unwiderstehlich.
634,deu,Könntest du bitte später zurückrufen?
635,deu,Mit wem spreche ich?
636,deu,"Ich akzeptiere, aber nur unter einer Bedingung."
637,deu,"Lächle jetzt, heul' später!"
638,deu,Das Leben ist schön.
639,deu,"Verdirb mir nicht mein Vergnügen nach der ganzen Mühe, die ich mir gemacht habe."
640,deu,"Es gibt Tage, an denen ich den Eindruck habe, dass mein Gehirn mich im Stich lassen will."
641,deu,Ich kann mir nicht gleichzeitig die Nägel schneiden und bügeln!
642,deu,Ich halte es nicht mehr aus! Ich habe seit drei Tagen nicht mehr geschlafen!
643,deu,"Er will nicht, dass du ihm von deinem Sexualleben erzählst."
644,deu,Hast du schon Bananenkuchen gegessen?
645,deu,"Warum heiratet man eine Frau, wenn man Männer liebt?"
646,deu,"Wenn du keine Kinder kriegen kannst, kannst du immer noch welche adoptieren."
648,deu,"Was hat dich dazu gebracht, deine Meinung zu ändern?"
649,deu,"Hey, schau' mal, ein Affe mit drei Köpfen!"
650,deu,"Es ist schade, dass man Wunder nicht kaufen kann, wie man Kartoffeln kauft."
651,deu,Ich liebe Lasagne.
652,deu,"Wenn man weiß, dass etwas Unangenehmes geschehen wird, dass man zum Beispiel zum Zahnarzt oder nach Frankreich gehen wird, dann ist das nicht gut."
653,deu,"Tatsächlich ist ein halbes Auge sehr nützlich, denn mit einem halben Auge kann ein Tier die Hälfte von einem anderen Tier sehen, das es auffressen will, und ihm aus dem Weg gehen, und es wird selber das Tier fressen, das nur ein Drittel-Auge oder nur 49% eines Auges hat, weil dieses ihm nicht schnell genug aus dem Weg gehen wird, und das Tier, das aufgefressen wurde, wird keine Kinder bekommen, weil es tot ist."
654,deu,"Primzahlen sind wie das Leben, sie sind völlig logisch, aber es ist unmöglich, Regeln für sie zu finden, selbst wenn man seine ganze Zeit dem Nachdenken darüber widmet."
655,deu,"Wenn man eine Augenbraue hochzieht, kann das bedeuten ""Ich habe Lust, mit dir Sex zu haben"", aber auch ""Ich finde, dass das, was du gerade gesagt hast, vollkommen idiotisch ist."""
656,deu,Das Gehirn ist nur eine komplizierte Maschine.
657,deu,"Ein Stundenplan ist ein Ausweis für die Zeit, nur, wenn man keinen Stundenplan hat, ist die Zeit nicht da."
658,deu,Dieses Pinguinbaby ist so niedlich!
660,deu,Ich bin im Krankenhaus. Ich wurde vom Blitz getroffen.
661,deu,"Gib die Hoffnung nicht auf, noch ist nicht alles verloren."
662,deu,"Seien wir ehrlich, es ist unmöglich. Wir werden es nie schaffen."
663,deu,Was ist ihre größte Inspirationsquelle?
664,deu,"Man heiratet nicht jemanden, mit dem man leben kann - man heiratet die Person, ohne die man nicht leben kann."
665,deu,In der Theorie gibt es keinen Unterschied zwischen Theorie und Praxis. Aber in der Praxis gibt es einen.
666,deu,"Bleibt nicht im Bett, sofern ihr nicht im Bett Geld verdienen könnt."
667,deu,"Es gibt Leute auf der Welt, die so hungrig sind, dass Gott ihnen nicht erscheinen kann, außer in Form von Brot."
668,deu,"Alles, was zu dumm ist, um gesagt zu werden, wird gesungen."
669,deu,"Es erfordert Weisheit, um Weisheit zu verstehen: die Musik ist nichts, wenn das Publikum taub ist."
670,deu,"Ich habe gerade die Briefe nochmal gelesen, die du mir geschickt hast."
671,deu,Ich will nicht in die Schule gehen.
672,deu,"Es ist aus zwischen uns, gib mir meinen Ring zurück!"
673,deu,Es regnet.
674,deu,"Ich hatte vor, heute an den Strand zu gehen, aber dann fing es an zu regnen."
675,deu,"Sie ist wirklich intelligent, oder?"
676,deu,"Eine Meinung ist nur dann schockierend, wenn sie eine Überzeugung ist."
677,deu,"Menschen, die lieben, zweifeln an nichts oder zweifeln an allem."
678,deu,Gerechtigkeit ist teuer.
679,deu,"Freiheit besteht darin, alles machen zu können, was keinem anderen schadet."
680,deu,Der Langsamste beim Versprechen ist der Treueste beim Einhalten.
681,deu,"Ein Kind ist nicht ein Gefäß zum Vollfüllen, sondern ein Feuer zum Anzünden."
682,deu,Jede Meinung ist eine Mischung aus Wahrheit und Irrtum.
683,deu,"Das Leben ist eine tödliche, sexuell übertragbare Krankheit."
684,deu,"Wenn zwei Menschen immer die gleiche Meinung haben, ist einer von ihnen überflüssig."
685,deu,"Unsere Meinung ist eine Idee, die wir haben; unsere Überzeugung eine Idee, die uns hat."
686,deu,Morgen werde ich in der Bibliothek lernen.
687,deu,Zu spät.
688,deu,Gestern bin ich in den Zoo gegangen.
689,deu,Wir haben die Schlacht gewonnen.
690,deu,Hallo? Bist du noch da?
691,deu,Ich mache jeden Tag das Mittagessen.
692,deu,Heute Morgen habe ich ferngesehen.
693,deu,Ich habe während des Essens ein Buch gelesen.
694,deu,"Ich habe während der Mittagspause ein wenig geschlafen, weil ich so müde war."
695,deu,"Ich habe letzte Woche begonnen, Chinesisch zu lernen."
696,deu,"Es ist einfacher, Leute im Internet anzubaggern als auf der Straße."
697,deu,"Ich wohne nahe am Meer, also kann ich oft an den Strand gehen."
698,deu,Eines Tages werde ich eine Zuckerwattemaschine kaufen.
699,deu,"Es ist praktisch, einen Laptop zu haben."
700,deu,Deine Brille ist auf den Boden gefallen.
701,deu,Wie oft am Tag schaust du dich im Spiegel an?
702,deu,Letztes Jahr sind wir nach London gegangen.
703,deu,Sie will nicht darüber sprechen.
704,deu,Ich habe meine Inspiration verloren.
705,deu,Ich brauche mehr Zeit.
706,deu,"Wenn du nichts zu tun hast, schau an deine Zimmerdecke."
707,deu,Das bedeutet nichts!
708,deu,"Sei bitte geduldig, das braucht Zeit."
709,deu,Schließ beim Hinausgehen die Türe.
710,deu,Das ist so eine traurige Geschichte.
711,deu,"Wenn es keine Lösung gibt, dann gibt es kein Problem."
712,deu,Mein kleiner Bruder sieht fern.
713,deu,"Es ist anmaßend von Menschen, anzunehmen, dass unsere Aufgabe ist, zu tun, was nur Gott tun kann."
714,deu,"Ein kluger Leser sollte bereit sein, alles abzuwägen, was er liest, einschließlich der anonymen Quellen."
715,deu,"Katja leugnete, dass sie eine Anarchistin war, indem sie behauptete, dass sie nur wünschte, Veränderung in unserer Regierung zu machen, nicht, sie zu zerstören."
716,deu,"Blindheit ist verantwortlich für eine erschütternde Anzahl von Opfern schlechter Gesundheit, Leiden und Verlust von Würde und Verminderung der Lebensqualität von Menschen in der ganzen Welt."
717,deu,"Bildung und Bewegung von Hurrikanen sind unberechenbar, sogar mit unserer modernen Technologie."
718,deu,"Wenn man ein Telegramm sendet, ist Kürze unerlässlich, weil einem jedes Wort berechnet wird."
719,deu,"David hat ein leidenschaftliches Interesse an Ästhetik - den Eigenschaften, die ein Gemälde, eine Skulptur, eine musikalische Komposition oder ein Gedicht Auge, Ohr oder Geist gefallen lassen."
720,deu,"Trotz Trangs regelmäßigen Liebesbeteuerungen hat Spenser immer noch Angst, dass sie irgendwann aufhören wird, ihn zu lieben."
721,deu,Hast du ihn in der Universität getroffen?
722,deu,Aaah!! Mein Computer ist kaputt!
723,deu,Die privaten Colleges und Universitäten der Vereinigten Staaten sind selbstständig.
724,deu,"Jedes Mal, wenn ich in ein neues Warcraft-Spiel eintrete, stehe ich einem neuen Team von Gegnern gegenüber."
725,deu,"Seit ich weiß, dass die Universität existiert, will ich hingehen."
726,deu,Meine Wahlunlust kommt von meiner Abneigung gegen Politik.
727,deu,"Es ist der Aufstieg der Monarchen, der ihre Untertanen vom Aufstand abhält."
728,deu,"Sarah war scharfsinnig genug, um zu merken, dass ihre Freunde versuchten, ihr einen Streich zu spielen."
729,deu,Das Orchester macht misstönende Geräusche beim Stimmen.
730,deu,"Die Unstimmigkeit zwischen den Geschichten der zwei Unfallbeteiligten war so groß, dass die Behörden Schwierigkeiten hatten, zu entscheiden, welche Seite die Wahrheit erzählte."
731,deu,"Ja, das passiert von Zeit zu Zeit."
732,deu,"Ich habe große Angst, von denen verschmäht zu werden, für die ich Liebe und Zuneigung empfinde."
733,deu,"Die meisten Leute haben große Unlust, früh aufzustehen, selbst wenn sie es müssen."
734,deu,Die meisten Leute wollen nur ihre eigene Wahrheit hören.
735,deu,Das Publikum klatschte den Schauspielern für ihre Leistung Beifall.
736,deu,"Es ist gut, Ideale zu haben, findest du nicht?"
737,deu,"Der Schüler entschloss sich dazu, seine Hausarbeit zu kürzen, indem er alle unnötigen Details strich."
738,deu,Die Menschen in der Welt setzen sich immer für mehr Freiheit und Gleichheit ein.
739,deu,Politiker werden stets getadelt für skandalöses und unangebrachtes Verhalten.
740,deu,"Frau Eichler war für ihren Ruf bekannt, streng zu ihren Schülern zu sein."
741,deu,"Wenn Sie uns nicht zuhören, werden wir auf Zwang zurückgreifen müssen."
742,deu,"Wenn ich Migräne habe, vermindert Aspirin meine Beschwerden nicht."
743,deu,Spensers sarkastische und scherzhafte Bemerkungen werden oft als Zeichen von Doppelwertigkeit missinterpretiert und zu ernst genommen.
744,deu,Für ihn war Hunger ein theoretischer Begriff; er hatte immer genug zu essen.
745,deu,"Der verurteilte Drogendealer war gewillt, sich den Behörden zu fügen, um seine Todesstrafe zu einer lebenslänglichen Freiheitsstrafe zu vermindern."
746,deu,Der Irakkrieg ist ein unberechenbares Thema der politischen Debatte; ein falsches Wort und ein Streit könnte sich entzünden.
747,deu,"Mein nächster Türnachbar ist ein Virtuose, dessen Geschick am Klavier ihm einen Namen unter den Musikexperten eingebracht hat."
748,deu,"Er hatte es satt, die ganze Zeit von Leuten verunglimpft zu werden, die neidisch auf sein Können waren."
749,deu,"Sven war so wortreich, dass seine Freunde sich darauf verlegten, ihn ein Plappermaul zu nennen."
750,deu,"Sogar Leute, die nicht an die katholische Kirche glauben, verehren den Papst als ein symbolisches Oberhaupt."
751,deu,"Unsicher, welchen Freier sie heiraten wollte, schwankte die Prinzessin und nannte einmal den einen, einmal den anderen."
752,deu,"Die neulichen Skandale, in die Messdiener und religiöse Oberhäupter verwickelt waren, haben den Glauben, den die Leute in die Kirche haben, unterminiert."
753,deu,"Als sich das Flugzeug Turbulenzen näherte, bat der Pilot die Passagiere an Bord des Flugzeugs, ihre Sitzgurte zu schließen."
754,deu,"Obwohl sein Aufenthalt in Europa kurzlebig war, fühlte Spenser, dass er vom Reisen mehr über Beziehungen mit anderen Menschen gelernt hatte, als er es im College getan hatte."
755,deu,"Jason war ein wortkarges Individuum, daher war es immer eine echte Überraschung, wenn er etwas sagte."
756,deu,"Der König war seiner Schmeichler, die ihn beständig anpriesen, müde, also schickte er sie weg."
757,deu,"Wenn Spenser nicht weiterhin Sätze hinzufügt und übersetzt, werden die anderen Mitwirkenden ihn sicher übertreffen."
758,deu,In seinen Aufsätzen war immer zu viel Überflüssiges geschrieben.
759,deu,"Sein Aufsatz gab nur eine oberflächliche Analyse des Problems, daher war es eine richtige Überraschung für ihn, als er die beste Note in der Klasse bekam."
760,deu,"Es kommt darauf an, was du mit an Gott ""glauben"" meinst."
761,deu,"Professoren sollten alles im Detail erklären, nicht knapp sein und immer ihren Studenten auftragen, heimzugehen und ihre Bücher zu lesen."
762,deu,"Wenn ich keine Antwort gegeben hätte, hätte ich nicht gesprochen."
763,deu,"Die Ankläger bei Gericht müssen ihre Klagen erhärten, um einen Verdächtigen als schuldig zu beweisen."
764,deu,"Laut einer landesweiten Umfrage in den USA ist es ein geläufiger Glaube, dass Moslems mit Terrorismus verbunden sind."
765,deu,"Mein Zimmerkamerad ist verschwenderisch, was das Geldausgeben für Filme betrifft; er kauft sie am Tag, wo sie herauskommen, ohne Rücksicht auf den Preis."
766,deu,"Essen und Trinken wurden bei der Hochzeit in solch einem Überfluss serviert, dass Braut und Bräutigam begannen, sich zu fragen, ob sie nicht mehr Gäste einladen hätten sollen."
767,deu,Die Verbreitung der Nutzung des Internets hat eine neue Generation von jungen Leuten hervorgebracht.
768,deu,"Meine Freunde sagen, dass ich ein überaus produktiver Schreiber bin, aber ich habe seit Monaten nichts geschrieben."
769,deu,"Blinde entwickeln manchmal eine ausgleichende Fähigkeit, die Nähe der Gegenstände um sie herum zu spüren."
770,deu,"Ein Geizhals hortet Geld nicht, weil er klug ist, sondern weil er habgierig ist."
771,deu,"Als beide Mädchen John sagten, dass sie Gefühle für ihn hatten, wusste der nicht, mit welchem Mädchen er zusammen sein sollte."
772,deu,"Sogar jetzt, viele Jahre nach dem Kalten Krieg, ist immer noch viel Verbitterung zwischen Russen und Deutschen, besonders in Gebieten, die einst von der Sowjetunion besetzt waren."
773,deu,"Johnson ist ein Einsiedler; er zieht es vor, sich vom Rest der Schüler in unserer Klasse abzusondern."
774,deu,"Die Bierflaschen, die ich zu der Party mitbrachte, waren überflüssig; die Familie des Gastgebers besaß eine Bierbrauerei."
775,deu,"Die Zeugen waren imstande, die falsche Aussage des Verdächtigen zu widerlegen."
776,deu,"Jeanne d'Arc weigerte sich, ihre Überzeugung zu leugnen, dass die Stimme, die sie hörte, von niemand anderem als Gott war."
777,deu,"Schockiert durch die Ereignisse des 11. September, verurteilten Politiker in der ganzen Welt die Terroristen für ihre verwerfliche Tat."
778,deu,"James hatte große Angst, im Unterricht Fehler zu machen und zurechtgewiesen zu werden."
779,deu,"Meine Eltern würden meinen Bruder verstoßen, wenn sie herausfänden, dass er schwul ist."
780,deu,"Um zu verhindern, dass seine Originalidee kopiert würde, verlegte sich Henry auf Schweigsamkeit."
781,deu,Ich würde gerne meine vorhergehende Erklärung widerrufen.
782,deu,"Um sein Publikum für sich zu gewinnen, griff der Redner auf die Anwendung rhetorischer Techniken zurück, die er in seinen Kommunikationskursen gelernt hatte."
783,deu,Tim ist ein großer Fan von satirischen Komödien.
784,deu,"Obwohl Alfred penibel beim Erfüllen seiner Aufgaben bei der Arbeit ist, ist er weniger gewissenhaft bei seinen Pflichten zu Hause."
785,deu,"Spensers Mutter überprüft oft jeden kleinen Fehler, den er macht."
786,deu,"Die Leute sind oft sehr skeptisch gegenüber Dingen, wenn kein glaubwürdiger Beweis gegeben ist."
787,deu,"Nach der unheilverkündenden Äußerung des Doktors war es klar, dass er düstere Neuigkeiten für den Patienten hatte."
788,deu,"Manchmal hat er Schwierigkeiten, seine Auffassungen gut auszudrücken."
789,deu,"Jimmy versuchte, seine Eltern dazu zu kriegen, ihn mit seinen Freunden quer durch das Land fahren zu lassen."
790,deu,Popmusiker kommen durch die Schmeichelei ihrer treuen Fans zur vollen Entfaltung.
791,deu,"Wir müssen lernen, Widrigkeiten anmutig zu begegnen."
792,deu,"Bill Clinton sprach eine mehrdeutige Sprache, als er gebeten wurde, sein Verhältnis mit Monika Lewinsky zu beschreiben."
793,deu,"Er war eine gütiger alter Mann, der sich freiwillig anbot, den Rasen seiner Nachbarn kostenlos zu mähen."
794,deu,Sein strenger Ton und seine laute Stimme täuschten über sein innerliches Zartgefühl und seine liebevolle Wesensart hinweg.
795,deu,"Welches Kriterium wendeten Sie an, als Sie diesen Aufsatz als den Sieger auswählten?"
796,deu,Trickbetrüger machen sich die Leichtgläubigkeit unerfahrener Geldgeber zu Nutze und betrügen sie um ihr Geld.
797,deu,Ich kann nicht einen Schritt Salsa tanzen.
798,deu,"Selbst wenn deine Sätze tatsächlich sinnfrei waren, hast du zumindest das Glück, schöne Sätze bilden zu können."
799,deu,Ich mag meine Arbeit sehr gerne.
800,deu,"Ray war bereit, Garys Geschichte zu bestätigen, aber die Polizei war noch immer nicht überzeugt, dass einer von beiden die Wahrheit erzählte."
801,deu,Der Mörder wurde schuldig gesprochen und zu lebenslänglicher Haft verurteilt.
802,deu,"Die Einvernehmlichkeit deutet darauf hin, dass wir gegen die vorgeschlagene Idee sind."
803,deu,Ein kleiner Waldbrand kann sich leicht ausbreiten und schnell ein großer Flächenbrand werden.
804,deu,"Obwohl er seine Haftstrafe im Gefängnis abgesessen hatte, verzieh die Öffentlichkeit dem Mörder sein Verbrechen nie ganz."
805,deu,"Ich finde, Wörter mit präzisen Bedeutungen kann man sich am einfachsten merken."
806,deu,"Er war immer noch verärgert über den Unfall, trotz den versöhnlichen Worten seiner Frau."
807,deu,"Eine grobe Untersuchung seiner Zähne gab zu erkennen, dass er eine Zahnfleischentzündung hatte."
808,deu,"Es war eine Überraschung zu sehen, dass sich die Studenten am Abend des Abschlussballs alle anständig verhielten."
809,deu,"Der Zeitungsartikel beschrieb den Angeklagten wie einen Schuldigen, obwohl er erwiesenermaßen unschuldig war."
810,deu,"Der Politiker drängte auf eine Reform, indem er die Bestechlichkeit der Regierungsverantwortlichen anprangerte."
811,deu,"Die Verderbtheit der Taten des Königs brachte die Leute dazu, zu glauben, dass er nicht mehr als eine Tyrann sei, den man stürzen müsse."
812,deu,Ich habe von dir geträumt.
813,deu,Ich brauche einen neuen Computer.
814,deu,Ich werde nicht verlieren!
815,deu,Ich bin zu spät in die Schule gekommen.
816,deu,Der Unterricht fängt bald wieder an.
817,deu,"Ich glaube, ich werde niesen... Gib mir ein Taschentuch."
818,deu,"Einen Moment lang habe ich geglaubt, er wäre verrückt geworden."
819,deu,Dieser Tag war nur Zeit- und Geldverschwendung.
820,deu,"Das hat mich überrascht, ich wusste nicht, was ich tun sollte."
821,deu,Aber das hast du mir ja nie gesagt!
822,deu,Ich habe das Layout meiner Website geändert.
823,deu,"Wenn wir klein sind, kommt uns alles so groß vor."
824,deu,Er wird mich nicht schlagen.
825,deu,"Ich muss die Wäsche machen, solange die Sonne noch da ist."
826,deu,"Ich bin spazieren gegangen, um Luft zu schnappen."
827,deu,"Tut mir leid, ich denke nicht, dass ich können werde."
828,deu,Du hattest eine Menge Zeit.
829,deu,"Hör auf, mich zu kritisieren!"
830,deu,"Los! Sprich mit mir, Trang."
831,deu,Ich bin fast fertig.
832,deu,Nimm den anderen Stuhl!
833,deu,Wie viele Sandwichs sind noch übrig?
834,deu,Ich bin nicht mehr inspiriert.
835,deu,Ich werde mich nicht auf sein Niveau herablassen.
836,deu,Wir konnten den Sonnenuntergang vom Fenster aus sehen.
837,deu,Das macht mich verrückt.
838,deu,"Hast du gesagt, ich könne nie gewinnen?"
839,deu,Draußen ist es ganz dunkel.
840,deu,Was ist passiert? Überall in der Wohnung ist Wasser.
841,deu,Während der Sommerferien habe ich um Mitternacht Abendessen gegessen.
842,deu,Du kannst deinen Aufsatz jetzt beenden.
843,deu,"Du wirst die Dinge sagen und tun, die deine Eltern sagten und taten, selbst wenn du geschworen hast, das nie zu tun."
844,deu,"Ich bin am Leben, obwohl ich kein Lebenszeichen gebe."
845,deu,"Versuche nie, zu sterben."
847,deu,"Das Leben beginnt, wenn man realisiert, wer man wirklich ist."
848,deu,"Das Leben beginnt, wenn man entscheidet, was man von ihm erwartet."
849,deu,"Das Leben beginnt, wenn man Steuern zahlt."
850,deu,"Das, was du nicht hast, ist besser als das, was du hast."
851,deu,"Das Leben beginnt, wenn du bereit bist, es zu leben."
852,deu,Es ist nie zu spät zum Lernen.
853,deu,Es ist erst 5 Uhr morgens und trotzdem ist es hell.
854,deu,Er erzählte mir seine Lebensgeschichte.
855,deu,"Ich habe nie gesagt, ich sei zerbrechlich."
856,deu,"Ich frage mich, ob ich für diese Welt gemacht bin."
857,deu,Von was redest du?
858,deu,Ich will ein Bonbon.
859,deu,"Ich wusste, es würde heute lustig sein."
860,deu,"Leider würden viele Leute Dinge glauben, die man ihnen per E-Mail sagt, die sie persönlich erzählt nicht plausibel finden würden."
861,deu,"Das mag wie an den Haaren herbeigezogen erscheinen, aber es ist ein echtes Problem."
862,deu,"Die Polizei ist gut darin zu verstehen, dass jemand meine Kreditkarte gestohlen hat und viel Geld abgehoben hat. Es ist viel schwieriger, ihnen beizubringen, dass „jemand mein magisches Schwert gestohlen“ hat."
863,deu,Wann essen wir? Ich habe Hunger!
864,deu,Ich mag die Schule nicht.
865,deu,Ich habe morgen Unterricht.
866,deu,Ich kann es nicht glauben!
867,deu,„Danke!“ – „Keine Ursache!“
868,deu,"Wie spricht man ""pronounce"" aus ?"
869,deu,Der Winter ist meine Lieblingsjahreszeit.
870,deu,"Es ist schwierig, großartige Ideen zu haben."
871,deu,Aus welchem Land kommst du?
872,deu,"Die Sachverhalte deuten an, dass die optimale Dauer einer Vorlesung 30 statt 60 Minuten wäre."
873,deu,"Ich neige dazu, die Bilder anzuschauen, bevor ich den Text lese."
874,deu,Ich habe viel von dir gelernt.
876,deu,Ich habe zwölf Stunden im Zug verbracht.
877,deu,Sie ist an diesem Wochenende krank geworden.
878,deu,"Warte mal, jemand klopft an meiner Tür."
879,deu,"Er ist reich, er braucht kein Geld!"
880,deu,Er schläft wie ein Baby.
881,deu,"Sie machen zu viel Lärm, ich kann mich nicht konzentrieren."
882,deu,Ich habe Lust auf eine Massage. Ich muss mich entspannen.
883,deu,"Du bist krank, du musst dich ausruhen."
884,deu,Links ist ein Geheimweg.
885,deu,Smith hat jahrelang die Auswirkungen von Schlaf und Schlafmangel auf das Gedächtnis und das Lernen untersucht.
886,deu,Sie fordert das Unmögliche.
887,deu,Er ist spurlos verschwunden.
888,deu,Es kann keinen Fortschritt geben ohne Kommunikation.
889,deu,"Ich kann meine Handflächen auf den Boden setzen, ohne meine Knie zu beugen."
890,deu,"Jeder würde gerne glauben, dass Träume wahr werden können."
891,deu,"Die beste Art, seine Träume zu realisieren, ist, aufzuwachen."
892,deu,Die Welt dreht sich nicht um dich.
893,deu,Die Welt ist voller Dummköpfe.
894,deu,"Sagst du gerade, dass mein Leben in Gefahr ist?"
895,deu,"Hast du eine Vorstellung davon, wie mein Leben aussieht?"
896,deu,An diesem Ort herrscht eine geheimnisvolle Stimmung.
897,deu,"Ich freue mich darauf, Ihre Gedanken zu diesem Thema zu hören."
898,deu,"Und was macht es, wenn ich schwul bin? Ist das ein Verbrechen?"
899,deu,Mein Leben ist leer ohne ihn.
900,deu,Ich will nicht durch meine Prüfungen fallen.
901,deu,Meine Mutter hat zwei Flaschen Orangensaft gekauft.
902,deu,Sie trug einen schwarzen Hut.
903,deu,Wir haben Pfannkuchen zum Frühstück gemacht.
904,deu,Was hast du heute zum Mittagessen gegessen?
905,deu,"Ich habe den ganzen Nachmittag damit verbracht, mit Freunden zu schwätzen."
906,deu,Ich will unabhängiger sein.
907,deu,Wirst du dort den ganzen Tag stehen bleiben?
908,deu,Ein Kaninchen hat lange Ohren und einen kurzen Schwanz.
909,deu,Mein Herz war voller Freude.
910,deu,Er will schlechte Erinnerungen ausradieren.
911,deu,Sie dürfen Ihr Auto hier nicht parken.
912,deu,"Wir müssen ihn dringend ins Krankenhaus bringen, er ist schwer verletzt!"
913,deu,Ich werde dein Geheimnis hüten.
914,deu,Ich will dein Gejammer nicht mehr hören.
915,deu,"Sag ihnen, dass sie mich anrufen sollen, bevor sie losgehen."
916,deu,So einen ungerechten Vorschlag hättest du ablehnen sollen.
917,deu,"Ich habe nicht die Kraft, es weiter zu versuchen."
918,deu,Mathematik ist nicht einfach das Auswendiglernen von Formeln.
919,deu,"Ich hatte nicht vor, diesen Eindruck bei dir zu hinterlassen."
920,deu,Ja! Ich habe zweimal hintereinander gewonnen!
921,deu,"Ich habe es satt, Fastfood zu essen."
922,deu,Die Zimmer dieses Hotels sind wirklich sehr schlecht schallgedämpft. Ich kann meinen Nachbarn seinen Kaugummi kauen hören!
923,deu,"Ich habe es satt, es satt zu haben."
924,deu,"Ich kann es gar nicht erwarten, in den Urlaub zu fahren."
925,deu,Das Wesen der Mathematik liegt in ihrer Freiheit.
926,deu,"Kannst du dir vorstellen, wie unser Leben ohne Elektrizität aussehen würde?"
927,deu,"Eins, zwei, drei, vier, fünf, sechs, sieben, acht, neun, zehn."
928,deu,Wo ist die Toilette?
929,deu,Das Wesen der Freiheit liegt in der Mathematik.
930,deu,"Seine Geschichte war zu lächerlich, um von irgendjemandem geglaubt zu werden."
931,deu,Wie viele Stunden Schlaf brauchst du?
932,deu,Jeder Mensch ist eine Welt.
933,deu,Die Temperatur des menschlichen Körpers bewegt sich um 37 °C.
934,deu,"Wenn es möglich ist, öffne das Fenster nicht, ich habe keine allzu große Lust, Luftzüge in meinem Rücken zu spüren."
935,deu,"Ich habe die französische Staatsbürgerschaft, aber ich bin von vietnamesischer Abstammung."
936,deu,"Dieser humanitäre Verein sucht Ehrenamtliche, um im Monat Dezember Mahlzeiten an Obdachlose auszuteilen."
937,deu,"Es ist sehr frustierend, zu versuchen, seine Brille wiederzufinden, wenn man ohne Brille nichts sieht."
938,deu,"Denkst du, dass die Menschen eines Tages den Mond besiedeln werden?"
939,deu,"Welche berühmten Lieder hättet ihr gerne komponiert, und warum?"
940,deu,"Ich werde mir eine neue Kamera kaufen, dieses Mal eine digitale."
941,deu,Ich bin verrückt nach dir.
942,deu,"Ich weiß nicht, was schlimmer ist."
943,deu,Das Leben im Gefängnis ist schlimmer als das Leben eines Tieres.
944,deu,"Ich bin stolz, an diesem Projekt teilzuhaben."
945,deu,"Ist es notwendig, das menschliche Wissen durch die Erforschung des Weltraumes auszuweiten?"
946,deu,Die Schönheit liegt im Auge des Betrachters.
947,deu,Wer kauft diese Art von Kunst?
948,deu,"Die NASA lässt verlauten, dass sie schon genügend Informationen besitzt, um zu bestätigen, dass ein Besuch des Menschen auf dem roten Planeten möglich ist."
949,deu,Echte Frauen haben Kurven.
950,deu,Wieso können wir uns nicht selber kitzeln?
951,deu,Die Antwort führt uns in einen Teufelskreis.
952,deu,"Ich bin zu faul, meine Hausaufgaben zu machen."
953,deu,Was... du kannst immer noch nicht Auto fahren?
954,deu,Und mit mir sind wir schon einer mehr.
955,deu,Hast du schon einen Bart?
956,deu,"Ich fühle, dass ich frei bin."
957,deu,Ich verspüre ein Brennen im Magen.
958,deu,Die Freiheit ist nicht kostenlos.
959,deu,Wie weckt man die Begierde einer Frau?
960,deu,Das Verlangen taucht zwischen Bedürfnis und Nachfrage auf.
961,deu,"Während wir den Nachtisch aßen, wuchs der Wunsch, in dieses Land zu reisen."
962,deu,Ich habe eine Verknüpfung auf dem Desktop hergestellt.
963,deu,Ich will einen MP3-Player!
964,deu,Wo bist du?
965,deu,Mein Bruder ist sehr wichtig. Zumindest denkt er das.
966,deu,Beim Pizzaessen ärgerte er seine Schwester.
967,deu,Was?! Du hast meinen Schokoladenbären gegessen?!
968,deu,"Nein, ich kann Sie nicht reinlassen, es ist eine Person zu viel."
969,deu,Er wird euch ins Gras beißen lassen.
970,deu,Wohin gehst du?
971,deu,Er macht so ein Gesicht.
972,deu,Er schaut wie sieben Tage Regenwetter.
973,deu,"Scheiße, wer ist der Vollidiot, der es wagt, mich mitten in der Nacht anzurufen?!"
974,deu,Er hat gerade eine interessante Serie von Artikeln veröffentlicht.
975,deu,Du gehst mir auf den Wecker!
976,deu,Unmöglich!
977,deu,Das ist eine Sackgasse.
978,deu,Ich vertraue Übersetzungen nicht unbedingt.
979,deu,"Seine Leidenschaft zu teilen bedeutet, sie voll zu leben."
980,deu,"Sie bewegt sich wie eine Königin und zeigt, dass sie den Rhythmus im Blut hat."
981,deu,"Vorgestern hast du alle beeindruckt, aber ich kannte dich schon."
982,deu,"Wenn ich dir mein Haus zeigen würde, mein Viertel von damals, würdest du verstehen, woher ich komme?"
983,deu,"Schau wie alle hinter meinem Rücken über mich herziehen, weil ich eine Frau geheiratet habe, die dreißig Jahre jünger als ich ist."
984,deu,"Das Leben ist nicht lang, es ist breit!"
985,deu,"Als ich in deinem Alter war, war Pluto ein Planet."
986,deu,Sie ist am Rand eines Nervenzusammenbruchs.
987,deu,Elefanten sind die größten derzeitig lebenden Landtiere.
988,deu,"Wahrscheinlich hat es die Zeit nicht erlaubt, ein schönes Foto in lebhaften Farben zu machen."
989,deu,"In ihrem Pantherfellsessel sitzend, las die junge Frau mit der roten Unterwäsche laut ein Buch mit dem Titel ""Die schwarze Prinzessin""."
990,deu,"Ich werde dir zeigen, dass man aus seiner Asche wiederauferstehen kann."
991,deu,"Wenn du mir das Tanzen beibringst, werde ich dir meine versteckten Narben zeigen."
992,deu,Die Aufzüge eines Wolkenkratzers sind lebenswichtige Systeme.
993,deu,"Ein Strom kam aus Eden, um den Garten zu bewässern und von dort aus teilte er sich, um vier Seitenarme zu bilden."
994,deu,Lassen Sie die geschälten und in Stücke geschnittenen Kartoffeln 20 Minuten im kochenden Wasser garen.
995,deu,Obst und Gemüse sind unentbehrlich für eine ausgewogene Ernährung.
996,deu,"Käse ist ein festes Nahrungsmittel, das aus der Milch von Kühen, Ziegen, Schafen oder anderen Säugetieren hergestellt wird."
997,deu,"Ich mag Cavalieri, Tonelli und Fubini immer noch nicht, und morgen habe ich schon meine mündliche Analysisprüfung."
998,deu,Ich dusche gewöhnlich abends.
999,deu,"Er verbrachte den Abend damit, ein Buch zu lesen."
1000,deu,"Du hast den ganzen Morgen über dieses Problem nachgedacht. Mach eine Pause, geh mittagessen."
1001,deu,"Wenn ich es nicht jetzt tue, dann werde ich es nie tun."
1002,deu,Gute Nacht. Träum was Schönes.
1003,deu,"Dieses Lied ist so bewegend, dass es mir die Tränen in die Augen treibt."
1004,deu,"Es gibt viele Dinge über meine Persönlichkeit, die du nicht weißt."
1005,deu,"Vielleicht hast du Recht, ich war egoistisch."
1006,deu,Jeder verdient eine zweite Chance.
1007,deu,"Ich habe gerade gesehen, dass der Botschafter Saudi-Arabiens in Washington zurückgetreten ist."
1008,deu,"Wenn man hingegen um Geld bittet, muss man gewisse Bedingungen annehmen."
1009,deu,Was ist der Vorteil dieser Technologie?
1010,deu,"Wenn Sie nicht über dieses Programm verfügen, können Sie es jetzt herunterladen."
1011,deu,"Der Mensch denkt, Gott lenkt."
1012,deu,Die Schlagzeile fiel mir heute Morgen auf.
1013,deu,"Wenn du von den anderen sprichst, tust du es mit verschränkten Armen."
1014,deu,"Fülle das folgende Formular aus, um zu erfahren, wer du in deinem vorigen Leben gewesen sein könntest."
1015,deu,Gonzales schenkt allen seinen Angestellten in Europa ein Fahrrad.
1016,deu,"Es gibt 1000 Filme, die man sehen muss, bevor man stirbt."
1017,deu,Die Kreativität ist ein wichtiger Aspekt für die Entwicklung des Menschen.
1018,deu,Die Textilindustrie wird sich in den nächsten Jahren an einen Markt des freien Wettbewerbs anpassen.
1019,deu,"Haben Sie Schwierigkeiten zu verstehen, was Ihnen Frauen oder kleine Kinder sagen?"
1020,deu,Man muss nicht für jede Person ein anderes Gericht vorbereiten.
1021,deu,"Man hat mir gesagt, ich sei pragmatisch, und ich bin es."
1022,deu,"Ich ziehe es vor, eine Lösung für Probleme zu suchen und sie nicht nur anzuprangern."
1023,deu,Ich habe keine Ideen mehr.
1024,deu,"Die sieben Fragen, die sich ein Ingenieur stellen muss, sind: wer, was, wann, wo, warum, wie und wie viel."
1025,deu,"Fragst du dich immer noch, was der Sinn des Lebens ist?"
1026,deu,"Wann kann man sagen, dass ein Mensch Alkoholprobleme hat?"
1027,deu,"Denk daran, dass wir alle im selben Boot sitzen!"
1028,deu,"Alles, was man über das Leben wissen muss, habe ich von einem Schneemann gelernt."
1029,deu,"Überprüfe, dass dein Benutzername und dein Passwort richtig geschrieben sind."
1030,deu,"Auf alle Fälle muss man in dem Referendum am 18. Februar mit ""ja"" abstimmen."
1031,deu,Abschiede sind immer traurig.
1032,deu,Vergiss uns nicht!
1033,deu,Die Zeit ist sehr schnell vergangen.
1034,deu,Welcher ist Ihr Koffer?
1035,deu,Ich habe Husten und ein bisschen Fieber.
1036,deu,"Mach den Schrank auf der linken Seite auf, dort sind die Flaschen."
1037,deu,"Es gibt auch Nachtclubs, wo Flamenco getanzt wird."
1038,deu,Im Eintritt ist ein Getränk inbegriffen.
1039,deu,"Ich schlage vor, dass wir am Freitag ausgehen."
1040,deu,Meine schwarzen Schuhe müssen an den Absätzen gerichtet werden.
1041,deu,So schlage ich zwei Fliegen mit einer Klappe.
1042,deu,Das gefällt mir nicht so gut wie auf die Kinder aufzupassen.
1043,deu,"Diese Tassen gefallen mir nicht, die auf dem Tisch gefallen mir besser."
1044,deu,Haben Sie Berufserfahrung?
1045,deu,"Ich hatte weder Zeit zum Einkaufen noch, um mich von meiner Mutter zu verabschieden."
1046,deu,Ich würde gerne den blau gestreiften Rock anprobieren.
1047,deu,Wie viel Trinkgeld gibt man in Spanien?
1048,deu,Wer hat dieses Bild gemalt?
1049,deu,Um diese Zeit ist ein unglaublicher Verkehr.
1050,deu,"Wir Männer sind es gewohnt, auf die Frauen zu warten."
1051,deu,"Schämst du dich nicht, so zu reden?"
1052,deu,"Ich werde niemandem die Pistole auf die Brust setzen, um in Barcelona zu bleiben."
1053,deu,"Jetzt muss ich gehen, sie rufen gerade meinen Flug auf."
1054,deu,Er ist Argentinier und gibt Tennisunterricht.
1055,deu,"Könnten Sie uns erklären, wie die Spülmaschine funktioniert?"
1056,deu,Zeigen Sie mir das bitte auf dem Plan.
1057,deu,Der Wasserhahn tropft.
1058,deu,"Sagen Sie uns bitte, wo ein Lebensmittelgeschäft ist."
1059,deu,Ich möchte meine Wertsachen abholen.
1061,deu,Ich habe einen Herzschrittmacher.
1062,deu,Ich hätte gerne Batterien für dieses Gerät.
1063,deu,Kann ich mit Kreditkarte bezahlen?
1064,deu,"Schneiden, waschen und föhnen bitte."
1065,deu,Wir brauchen einen Krankenwagen.
1066,deu,"Wir vermuten, dass es sich um eine Vergiftung durch Schlangenbiss handelt."
1067,deu,Ich füttere jeden Morgen und jeden Abend meinen Kater.
1068,deu,Könnten Sie das bitte wiederholen?
1069,deu,"Wer besucht im Allgemeinen öfter seine Eltern, die Söhne oder die Töchter?"
1070,deu,"Es würde dich allerdings weniger kosten, wenn du bei uns übernachten würdest."
1071,deu,Das bekommen Sie in einer Drogerie.
1072,deu,Jeder Arbeiter ist seines Lohnes wert.
1073,deu,Es kostet ein Vermögen.
1074,deu,"An erster Stelle möchte ich meinem Doktorvater Dr. Juan Pisto besonderen Dank aussprechen für seine Geduld, seine Anstrengungen und seine Hingabe."
1075,deu,"Wieso fiel es dermaßen schwer zu begründen, dass die Nervenzelle die Grundeinheit des Nervengewebes ist?"
1076,deu,"Nicht die materielle Seite bestimmt unser Leben, sondern die spirituelle Seite."
1077,deu,Mehr als 90 Prozent der Besuche einer Website kommen von den Suchmaschinen.
1078,deu,Ich brauche deinen Rat.
1079,deu,Der Gitarrist von Bang wird laut einer Ankündigung des Sprechers der Band zum zweiten Mal Vater.
1080,deu,Dennoch leugnet die Sängerin ihre Herkunft nicht.
1081,deu,"Weißt du zufällig, wo ich meine Schlüssel hingelegt habe?"
1082,deu,Ich bereite mich auf das Schlimmste vor...
1083,deu,"Warum hast du mich aufgeweckt, um mir etwas so wichtiges zu erzählen? Jetzt werde ich mich nie auf meine Arbeit konzentrieren können!"
1084,deu,Das klingt interessant. Was hast du ihr erzählt?
1085,deu,"Ich wusste, dass es Plastik war, aber es schmeckte wie Holz."
1086,deu,"Manchmal sorgt sich Spenser so sehr um Trang, dass er sie dazu bringt, zu glauben, dass er überfürsorglich ist."
1087,deu,"Es gibt Dinge in dieser Welt, die man einfach nicht mit Worten ausdrücken kann."
1088,deu,Die Funktionen Sinus und Cosinus nehmen Werte zwischen -1 und 1 an (-1 und 1 eingeschlossen).
1089,deu,Dieses Semester werden wir in Numerik Ausgleichsrechnung machen und Eigenwertprobleme behandeln.
1090,deu,"Die Analysisvorlesung beginnt mit den Grundbegriffen mathematischer Logik, wichtigen Beweistechniken, und der Konstruktion der reellen und komplexen Zahlen."
1091,deu,Ich bin gegen die Benutzung des Todes als Strafe. Ich bin genauso gegen seine Benutzung als Belohnung.
1092,deu,"Die zweite Hälfte des Lebens eines Menschen besteht nur aus den Gewohnheiten, die er sich während der ersten Hälfte angeeignet hat."
1093,deu,"Kann ich bei dir bleiben? Ich habe keinen Ort, wo ich hingehen könnte."
1094,deu,"Wenn wir bloß aufhören würden zu versuchen, glücklich zu sein, könnten wir eine sehr schöne Zeit haben."
1095,deu,Pass gut auf dich auf.
1096,deu,"Wir jagen einem idealen Leben hinterher, weil wir in uns den Anfang und die Möglichkeit dazu haben."
1097,deu,Der Tod ist nur ein Horizont; und ein Horizont ist nichts anderes als die Grenze unseres Blickfeldes.
1098,deu,"Die wissenschaftliche Theorie, die mir am besten gefällt, ist, dass die Ringe des Saturn vollständig aus verlorenem Gepäck bestehen."
1099,deu,"Die einzige Möglichkeit auf der Erde, Glück zu vervielfachen, ist, es zu teilen."
1100,deu,Ein bekannter Fehler ist besser als eine unbekannte Wahrheit.
1101,deu,"Das Leben ist keine exakte Wissenschaft, es ist eine Kunst."
1102,deu,"Alles ist theoretisch unmöglich, bis es gemacht wurde."
1103,deu,"Bevor ihr nicht Frieden schließt mit dem, was ihr seid, werdet ihr nie zufrieden sein mit dem, was ihr habt."
1104,deu,"Du könntest enttäuscht werden, wenn du scheiterst, aber du bist verurteilt, wenn du es nicht versuchst."
1105,deu,"Langeweile ist das Gefühl, dass alles Zeitverschwendung ist; Abgeklärtheit, dass nichts es ist."
1106,deu,"Vergesst nie, was es bedeutet, einen wundervollen Sonnenaufgang zu sehen, seine Kinder beim Schlafen zu beobachten oder den Regen zu riechen. Es sind oft die kleinen Dinge, die wirklich wichtig sind im Leben."
1107,deu,"Es gibt keine Distanz auf der Erde, die so weit entfernt ist wie gestern."
1108,deu,"Nur die, die riskieren, zu weit zu gehen, werden erfahren, wie weit man gehen kann."
1109,deu,Jeder Mensch hält die Grenzen seines eigenen Blickfeldes für die Grenzen der Welt.
1110,deu,Wir können durch die Zeit reisen. Und wir tun es mit der bemerkenswerten Geschwindigkeit von einer Sekunde pro Sekunde.
1111,deu,"Das eigentliche Problem ist nicht herauszufinden, ob Maschinen denken, sondern ob die Menschen es tun."
1112,deu,"Mein Interesse gilt der Zukunft, denn in ihr werde ich den Rest meines Lebens verbringen."
1113,deu,"Die Welt ist ein Buch, und die, die nicht reisen, lesen nur eine Seite."
1114,deu,"Das Problem mit vielen Dingen sind die vorgefassten Ideen, die wir über sie haben!"
1116,deu,"Die beste Art, die Zukunft vorherzusagen, ist, sie zu erfinden."
1117,deu,"Werbung könnte man beschreiben als die Wissenschaft davon, wie man die menschliche Intelligenz lange genug ausschaltet, um Geld daraus zu gewinnen."
1118,deu,"Wenn wir wüssten, was wir tun, würde man es nicht Forschung nennen, oder?"
1119,deu,"Für den, der nur einen Hammer im Werkzeugkasten hat, sieht jedes Problem wie ein Nagel aus."
1120,deu,"Nichts ist unmöglich für den, der es nicht selbst machen muss."
1121,deu,"Es ist nicht die stärkste Spezies, die überlebt, auch nicht die intelligenteste, sondern die reaktionsfähigste gegenüber Veränderungen."
1122,deu,"Ich denke, es ist gut, dass Bücher noch existieren, aber sie machen mich schläfrig."
1123,deu,"Ich verstehe nicht, wieso neue Ideen den Menschen Angst machen. Mir machen die alten Angst."
1124,deu,Hoffnung ist keine Strategie.
1125,deu,Japan ist voll von wunderschönen Städten. Kyoto und Nara zum Beispiel.
1126,deu,Wenden Sie sich an meinen Kollegen.
1127,deu,Die Akte wurde ans Ministerium geschickt.
1128,deu,Sie sind nur in ihrem Reden mutig.
1129,deu,Sie warten vor der Tür auf dich.
1130,deu,Hast du einen Bleistift dabei?
1131,deu,Wem gehört das?
1132,deu,"Seit Mario mich angelogen hat, spreche ich nicht mehr mit ihm."
1133,deu,Das ist nicht seine Sache.
1134,deu,Nimm deine Sachen und geh.
1135,deu,Er hat sich aus der Affäre gezogen.
1136,deu,Man muss den Worten Taten folgen lassen.
1137,deu,Das lasse ich mir nicht zweimal sagen.
1138,deu,Hände runter!
1139,deu,"Hacker finden neue Mittel und Wege, um in private und öffentliche Netze einzudringen."
1140,deu,Das Flugzeug wurde wegen Nebel nach München umgeleitet.
1141,deu,"Wer zuletzt lacht, lacht am besten."
1142,deu,"Je eher, desto besser."
1143,deu,Das ist nicht ganz richtig.
1144,deu,Man sieht ihm sein Alter nicht an.
1145,deu,Magst du Rap?
1146,deu,Ich liebe Reisen.
1148,deu,Das habe ich wirklich nicht von dir erwartet.
1149,deu,Ich warte seit Stunden.
1150,deu,Er starb in hohem Alter.
1151,deu,Er ist ein alter Hase.
1153,deu,"Wir sind, was wir vorgeben zu sein, also müssen wir vorsichtig sein mit dem, was wir vorgeben zu sein."
1154,deu,Ich kenne ihn nicht.
1155,deu,Der Film hat mir gefallen.
1156,deu,Sie schwimmt im Geld.
1157,deu,Das ist nicht wichtig.
1158,deu,"Ich wollte gerade gehen, als das Telefon klingelte."
1159,deu,"Schau gut hin. Ich werde dir zeigen, wie man es macht."
1160,deu,Ich gehe jeden Morgen einkaufen.
1161,deu,"Die Leute müssen verstehen, dass sich die Welt ändert."
1163,deu,Zweiundfünfzig Prozent der britischen Frauen ziehen Schokolade dem Sex vor.
1164,deu,"Fast die Hälfte der Männer in Großbritannien schenkt ihrer Partnerin regelmäßig Schokolade, besonders zu deren Geburtstag."
1165,deu,Der Fluss hat die ganze Region überschwemmt.
1166,deu,Das Problem hat sich von selbst gelöst.
1167,deu,Mir gefallen diese Anmerkungen nicht.
1168,deu,Das sind ganz und gar gegensätzliche Meinungen.
1169,deu,Wie alt sind Sie?
1170,deu,Ich bin überhaupt nicht überzeugt.
1171,deu,Wieso wollen Sie heute abfahren?
1172,deu,Ich werde das Auto nehmen.
1173,deu,"Das ist zu schön, um wahr zu sein."
1174,deu,"Wenn Sie jemandem 20$ leihen und sie diesen Menschen nie wiedersehen, dann war es das wahrscheinlich wert."
1175,deu,"Man kann nicht das Unmögliche vollbringen, ohne das Absurde zu versuchen."
1176,deu,Man darf sich nur auf sich selbst verlassen. Und auch das nicht zu sehr.
1177,deu,"Während des Unterrichts still zu sein, bedeutet, den Schlaf der anderen zu respektieren."
1178,deu,Coles Axiom: Die Summe der Intelligenz auf der Erde ist eine Konstante; die Bevölkerung wächst ständig.
1179,deu,"Wenn Sie einen Mann auf sich zukommen sehen in der offenkundigen Absicht, Ihnen etwas Gutes zu tun, dann sollten Sie um Ihr Leben rennen."
1180,deu,"Wir lernen aus der Erfahrung, dass die Menschen nie etwas aus der Erfahrung lernen."
1182,deu,"Wie der Vater, so der Sohn."
1183,deu,"Solange es Leben gibt, gibt es Hoffnung."
1184,deu,Ich habe es nicht mit Absicht gemacht.
1185,deu,Alle Wege führen nach Rom.
1186,deu,Morgenstund hat Gold im Mund.
1187,deu,Im Leben gibt es Höhen und Tiefen.
1188,deu,Über Geschmack lässt sich nicht streiten.
1189,deu,Man kann nicht auf zwei Hochzeiten gleichzeitig tanzen.
1191,deu,Nachts sind alle Katzen grau.
1192,deu,"Bring mir bei, wie man es macht."
1193,deu,"Wer auf die Jagd geht, verliert seine Stelle."
1194,deu,Kindermund tut Wahrheit kund.
1195,deu,"Keine Nachricht, gute Nachricht."
1196,deu,"Wenn Sie denken, dass Bildung teuer ist, dann warten Sie erstmal bis Sie sehen, was Unwissenheit kostet."
1197,deu,Der Staat konnte die Erwartungen der Bürger nicht erfüllen.
1198,deu,Das habe ich erwartet!
1199,deu,Ich erwarte nichts von dir.
1200,deu,Warten Sie im Wartezimmer.
1201,deu,"Mehr Leute kriegen Schwierigkeiten wegen dem, was sie sagen, als wegen dem, was sie tun."
1202,deu,Warum misst du diesem Zwischenfall Wert bei?
1203,deu,"Leute, die für dich lügen würden, würden dich anlügen."
1205,deu,Es gibt keine Lösung.
1206,deu,"Ich wusste nicht, dass er so viel trinkt."
1207,deu,Das geschieht dir recht.
1208,deu,Willst du einen Fruchtsaft?
1209,deu,Er ist ein guter Mensch.
1210,deu,"Mach's, wie du es für richtig hältst."
1211,deu,Guten Appetit!
1212,deu,Keine Liebe ohne Eifersucht.
1213,deu,"Keine Liebe ist hässlich, kein Gefängnis schön."
1214,deu,Keine lebende Seele war da.
1215,deu,Wir sind aus dem gleichen Holz geschnitzt.
1217,deu,Die Wände haben Ohren.
1218,deu,Ich habe einen Frosch im Hals.
1219,deu,"Es regt mich auf, nicht herauszufinden, wo mein Rechenfehler ist."
1220,deu,Fühlen Sie sich wie zu Hause.
1221,deu,"Wenn es nicht wahr ist, so ist es doch gut erfunden."
1222,deu,Mali ist eines der ärmsten Länder Afrikas südlich der Saharawüste.
1223,deu,Wieso kommst du nicht mit uns?
1224,deu,"In großen Städten kann man sich nicht verirren, dort gibt es überall Karten!"
1225,deu,Er ist mehrmals gekommen.
1226,deu,"Wir fragen uns, wieso."
1227,deu,Ich werde ein Bad nehmen.
1228,deu,"Wenn man zu viel isst, wird man dick."
1229,deu,"Ich weiß nicht, ob er das für mich getan hätte."
1230,deu,Würdest du gerne kommen?
1231,deu,"Sie wäre gerne gekommen, aber sie hatte Ferien."
1232,deu,"Ich dachte, es wäre wahr."
1233,deu,"Das ist die Stadt, von der ich dir erzählt habe."
1234,deu,"Das ist der Junge, an den ich denke."
1235,deu,Man hat ihn mehrmals gewarnt.
1236,deu,Ich muss das Buch vor Samstag zurückgeben.
1237,deu,"Wir haben uns so sehr bemüht, die Dinge für unsere Kinder zu verbessern, dass wir sie verschlechtert haben."
1238,deu,"Hallo, ich wollte dir nur mitteilen, dass das Problem gelöst ist."
1239,deu,Wie kannst du einen Laptop und kein Handy haben?
1240,deu,Ich bin mit Freunden ein Bier trinken gegangen.
1241,deu,Er ist aus dem Fenster gesprungen.
1242,deu,Sie haben sich gestritten.
1243,deu,Ich habe Kaviar gegessen.
1244,deu,Er hat sich sehr verändert seit dem letzten Mal.
1245,deu,Sie haben den falschen Schlüssel genommen.
1246,deu,Wie viel kostet es?
1248,deu,Ich bringe Ihnen sofort die Rechnung.
1249,deu,Ich werde mit Scheck zahlen.
1250,deu,Hast du ein Trinkgeld dagelassen?
1251,deu,Vergessen Sie den Kassenzettel nicht.
1252,deu,"Tut mir leid, ich habe kein Kleingeld."
1253,deu,"Die Situation ist schlimmer, als wir dachten."
1254,deu,Wir müssen mit dem Schlimmsten rechnen.
1255,deu,"Sie wissen nicht einmal, wieso."
1256,deu,"Entschuldigung, ich habe mich verwählt."
1257,deu,"Ich hätte gerne, dass du mir die Wahrheit erzählst."
1258,deu,Wem sagst du das!
1259,deu,Wer kommt mit mir?
1260,deu,Florenz ist die schönste Stadt Italiens.
1261,deu,Ich habe nette Leute getroffen.
1262,deu,Ich habe mit Freunden gesprochen.
1263,deu,Du hast dich sehr verändert.
1264,deu,"Die, die ihn kennen, schätzen ihn."
1266,deu,Wie schön du bist!
1267,deu,Es gibt genauso viele Museen wie Kirchen.
1268,deu,"Es ist schwieriger, als du glaubst."
1269,deu,Man braucht 10 Minuten zum Bahnhof.
1270,deu,Wir haben es geschafft!
1271,deu,Der Wurm windet sich.
1272,deu,"Der Geist ist willig, aber das Fleisch ist schwach."
1273,deu,Vergiss es. Es ist die Mühe nicht wert.
1274,deu,"Wer nicht arbeitet, hat kein Recht zu essen."
1275,deu,"Wir werden heute Abend viel essen, ich hoffe also, dass du nicht auf Diät bist."
1276,eng,Let's try something.
1277,eng,I have to go to sleep.
1280,eng,Today is June 18th and it is Muiriel's birthday!
1282,eng,Muiriel is 20 now.
1283,eng,"The password is ""Muiriel""."
1284,eng,I will be back soon.
1286,eng,I'm at a loss for words.
1287,eng,This is never going to end.
1288,eng,I just don't know what to say.
1289,eng,That was an evil bunny.
1290,eng,I was in the mountains.
1291,eng,Is it a recent picture?
1292,eng,I don't know if I have the time.
1294,eng,Education in this world disappoints me.
1295,eng,You're in better shape than I am.
1296,eng,You are in my way.
1298,eng,This will cost €30.
1299,eng,I make €100 a day.
1300,eng,I may give up soon and just nap instead.
1301,eng,It's because you don't want to be alone.
1302,eng,That won't happen.
1303,eng,Sometimes he can be a strange guy.
1304,eng,I'll do my best not to disturb your studying.
1305,eng,I can only wonder if this is the same for everyone else.
1306,eng,I suppose it's different when you think about it over the long term.
1308,eng,I miss you.
1309,eng,I'll call them tomorrow when I come back.
1310,eng,I always liked mysterious characters more.
1311,eng,You should sleep.
1312,eng,I'm going to go.
1313,eng,I told them to send me another ticket.
1314,eng,You're so impatient with me.
1315,eng,I can't live that kind of life.
1316,eng,I once wanted to be an astrophysicist.
1317,eng,I never liked biology.
1318,eng,The last person I told my idea to thought I was nuts.
1319,eng,"If the world weren't in the shape it is now, I could trust anyone."
1320,eng,It is unfortunately true.
1321,eng,They are too busy fighting against each other to care for common ideals.
1322,eng,Most people think I'm crazy.
1323,eng,No I'm not; you are!
1324,eng,That's MY line!
1325,eng,He's kicking me!
1326,eng,Are you sure?
1327,eng,Then there is a problem...
1328,eng,"Oh, there's a butterfly!"
1329,eng,Hurry up.
1330,eng,It doesn't surprise me.
1332,eng,For some reason I feel more alive at night.
1333,eng,It depends on the context.
1334,eng,Are you freaking kidding me?!
1335,eng,That's the stupidest thing I've ever said.
1336,eng,I don't want to be lame; I want to be cool!!
1337,eng,"When I grow up, I want to be a king."
1338,eng,"America is a lovely place to be, if you are here to earn money."
1339,eng,I'm so fat.
1340,eng,So what?
1341,eng,I'm gonna shoot him.
1342,eng,"I'm not a real fish, I'm just a mere plushy."
1343,eng,I'm just saying!
1344,eng,That was probably what influenced their decision.
1345,eng,I've always wondered what it'd be like to have siblings.
1346,eng,This is what I would have said.
1347,eng,It would take forever for me to explain everything.
1348,eng,That's because you're a girl.
1349,eng,Sometimes I can't help showing emotions.
1350,eng,It's a word I'd like to find a substitute for.
1351,eng,It would be something I'd have to program.
1352,eng,I don't intend to be selfish.
1353,eng,Let's consider the worst that could happen.
1354,eng,How many close friends do you have?
1355,eng,"I may be antisocial, but it doesn't mean I don't talk to people."
1356,eng,This is always the way it has been.
1357,eng,I think it is best not to be impolite.
1358,eng,One can always find time.
1359,eng,"I'd be unhappy, but I wouldn't kill myself."
1360,eng,"Back in high school, I got up at 6 a.m. every morning."
1361,eng,"When I woke up, I was sad."
1362,eng,That is somewhat explained at the end.
1363,eng,I thought you liked to learn new things.
1364,eng,Most people write about their daily life.
1365,eng,"If I could send you a marshmallow, Trang, I would."
1366,eng,"In order to do that, you have to take risks."
1367,eng,Every person who is alone is alone because they are afraid of others.
1368,eng,Why do you ask?
1369,eng,I am not an artist. I never had the knack for it.
1370,eng,I can't tell her now. It's not that simple anymore.
1371,eng,"I am a flawed person, but these are flaws that can easily be fixed."
1372,eng,"Whenever I find something I like, it's too expensive."
1373,eng,How long did you stay?
1374,eng,Maybe it will be exactly the same for him.
1375,eng,Innocence is a beautiful thing.
1376,eng,Humans were never meant to live forever.
1377,eng,"I don't want to lose my ideas, even though some of them are a bit extreme."
1378,eng,I think I have a theory about that.
1379,eng,That is intriguing.
1380,eng,You are saying you intentionally hide your good looks?
1381,eng,I do not have an account in these forums.
1382,eng,"If anyone was to ask what the point of the story is, I really don't know."
1383,eng,I didn't know where it came from.
1384,eng,I think my living with you has influenced your way of living.
1385,eng,This is not important.
1386,eng,I didn't like it.
1387,eng,She's asking how that's possible.
1388,eng,You're just running away from life's problems.
1389,eng,"If you look at the lyrics, they don't really mean much."
1390,eng,There's a problem there that you don't see.
1391,eng,You can do it.
1392,eng,My physics teacher doesn't care if I skip classes.
1393,eng,I wish I could go to Japan.
1394,eng,I hate it when there are a lot of people.
1395,eng,I have to go to bed.
1396,eng,"After that, I left, but then I realized that I forgot my backpack at their house."
1397,eng,I won't ask you anything else today.
1398,eng,It may freeze next week.
1399,eng,"Even though he apologized, I'm still furious."
1400,eng,The police will get you to find the bullets.
1401,eng,Thanks for having explained to me at last why people take me for an idiot.
1402,eng,That wasn't my intention.
1403,eng,Thanks for your explanation.
1404,eng,"Theoretically, I'm doing math."
1406,eng,If you didn't know me that way then you simply didn't know me.
1407,eng,It almost scared me not to see you online for a whole day.
1408,eng,I don't know what you mean.
1409,eng,My computer has got to be useful for something.
1410,eng,You wanted to tell me about freedom?
1411,eng,"Uh, now it's really weird..."
1412,eng,"If I wanted to scare you, I would tell you what I dreamt about a few weeks ago."
1413,eng,One can't expect everything from schools.
1414,eng,There are many words that I don't understand.
1415,eng,I don't like it when mathematicians who know much more than I do can't express themselves explicitly.
1416,eng,You're really not stupid.
1417,eng,I need to ask you a silly question.
1418,eng,"I don't know how to demonstrate it, since it's too obvious!"
1419,eng,"I wouldn't have thought I would someday look up ""Viagra"" in Wikipedia."
1420,eng,Can it be phrased in another way?
1421,eng,No one will know.
1422,eng,"I found a solution, but I found it so fast that it can't be the right solution."
1423,eng,It seems interesting to me.
1424,eng,"Except that here, it's not so simple."
1425,eng,I like candlelight.
1426,eng,What did you answer?
1427,eng,"No, he's not my new boyfriend."
1428,eng,It's too bad that I don't need to lose weight.
1429,eng,You never have class or what?!
1430,eng,I will play Sudoku then instead of continuing to bother you.
1431,eng,Where is the problem?
1432,eng,I can only wait.
1433,eng,"It's not much of a surprise, is it?"
1434,eng,I love you.
1435,eng,I don't like you anymore.
1436,eng,I am curious.
1437,eng,Congratulations!
1438,eng,I don't want to wait that long.
1439,eng,Why don't you come visit us?
1440,eng,But the possibility seems unlikely.
1442,eng,I shouldn't have logged off.
1443,eng,I don't know what to do anymore.
1444,eng,"It is inevitable that I go to France someday, I just don't know when."
1445,eng,I hate chemistry.
1446,eng,I didn't want this to happen.
1447,eng,You can probably guess what happens though.
1448,eng,"Next thing you know, you'll be in the papers."
1449,eng,What other options do I have?
1450,eng,I am not much of a traveller.
1451,eng,I have nothing better to do.
1452,eng,I can't explain it either.
1453,eng,Everyone has strengths and weaknesses.
1454,eng,"Seriously though, episode 21 made me almost cry while laughing."
1455,eng,It only shows you're not a robot.
1456,eng,How could I be a robot? Robots don't dream.
1458,eng,It's not something anyone can do.
1459,eng,I don't know if I still have it.
1460,eng,What do you think I've been doing?
1461,eng,Don't underestimate my power.
1462,eng,My mom doesn't speak English very well.
1463,eng,I don't speak French well enough!
1464,eng,I was wondering if you were going to show up today.
1465,eng,Therein lies the problem.
1466,eng,How do you find food in outer space?
1467,eng,All you can do is trust one another.
1468,eng,Everyone wants to meet you. You're famous!
1469,eng,Why are you sorry for something you haven't done?
1470,eng,I utterly despise formal writing!
1471,eng,Foreign people intrigue me.
1472,eng,"Whatever I do, she says I can do better."
1473,eng,What keeps you up so late?
1474,eng,You'd be surprised what you can learn in a week.
1475,eng,I don't have anyone who'd travel with me.
1476,eng,You're not fast enough.
1477,eng,"Life is hard, but I am harder."
1478,eng,Bearing can be unbearable.
1479,eng,Stop it! You're making her feel uncomfortable!
1480,eng,Nothing is beautiful but the truth.
1481,eng,"Tomorrow, he will land on the moon."
1482,eng,I don't speak Japanese.
1483,eng,This is a pun.
1484,eng,Nobody understands me.
1485,eng,I learned to live without her.
1486,eng,It's useless to keep on thinking any more.
1487,eng,I have too many things on my mind these days.
1488,eng,I just wanted to check my email.
1489,eng,Do you really need to ask the question to know the answer?
1490,eng,You can't expect me to always think of everything!
1491,eng,"I suppose that behind each thing we have to do, there's something we want to do..."
1492,eng,You really don't have the right priorities!
1493,eng,Don't expect others to think for you!
1494,eng,You never have time for important things!
1495,eng,It's no use pretending to make me believe that I believe things you don't believe!
1496,eng,It would take me too much time to explain to you why it's not going to work.
1497,eng,I'm so dumb... I'm trying to explain things to you that I don't understand myself.
1498,eng,"Stop seeing me as a ""normal"" person!"
1499,eng,Are you referring to me?
1500,eng,"There will always be things I will never learn, I don't have eternity before me!"
1501,eng,It can't be!
1502,eng,"I wish I could care more about my grades but it seems that, at a certain point of my life, I decided they wouldn't be so important anymore."
1503,eng,A rolling stone gathers no moss is a proverb.
1504,eng,Would you like something to drink?
1505,eng,"Who is it? ""It's your mother."""
1506,eng,"When will you be back? ""It all depends on the weather."""
1507,eng,What's the matter? asked the little white rabbit.
1508,eng,"What's going on in the cave? I'm curious. ""I have no idea."""
1509,eng,"We must learn to live together as brothers, or we will perish together as fools."
1510,eng,Uh... How's that working?
1511,eng,"To tell you the truth, I am scared of heights. ""You are a coward!"""
1512,eng,"Trust me, he said."
1513,eng,This is what I was looking for! he exclaimed.
1514,eng,"This looks pretty interesting, Hiroshi says."
1515,eng,Their communication may be much more complex than we thought.
1516,eng,"The phone is ringing. ""I'll get it."""
1517,eng,"That's very nice of you, Willie answered."
1518,eng,"Thank you for helping me. ""Don't mention it."""
1519,eng,Someday I'll run like the wind.
1520,eng,"She likes music. ""So do I."""
1521,eng,Please don't cry.
1522,eng,Let me know if there is anything I can do.
1523,eng,It may be that the happiness awaiting us is not at all the sort of happiness we would want.
1524,eng,It is up to you to decide whether we will go there or not.
1525,eng,Class doesn't begin until eight-thirty.
1526,eng,I want a boat that will take me far away from here.
1527,eng,"I feel like playing cards. ""So do I."""
1528,eng,Haven't we met somewhere before? asked the student.
1529,eng,A Japanese would never do such a thing.
1530,eng,Allen is a poet.
1531,eng,The archer killed the deer.
1532,eng,Communism will never be reached in my lifetime.
1533,eng,Rye was called the grain of poverty.
1534,eng,"In the 1950's, the Finns were cited as having one of the least healthy diets in the world."
1535,eng,"If you see a mistake, then please correct it."
1536,eng,Place the deck of cards on the oaken table.
1537,eng,The Germans are very crafty.
1538,eng,"If you don't eat, you die."
1539,eng,"How do you spell ""pretty""?"
1540,eng,Why don't we go home?
1541,eng,"I'm sorry, I can't stay long."
1542,eng,Ten years is a long time to wait.
1543,eng,"Why aren't you going? ""Because I don't want to."""
1544,eng,One million people lost their lives in the war.
1547,eng,It is not rare at all to live over ninety years.
1549,eng,"First, I'm going to do an outline of my new website."
1550,eng,"Democracy is the worst form of government, except all the others that have been tried."
1551,eng,"When you're beginning to look like the photo in your passport, you should go on a holiday."
1552,eng,"It wasn't me, commissioner!"
1553,eng,"Oh, my white pants! And they were new."
1554,eng,With so many people around he naturally became a bit nervous.
1555,eng,"When I left the train station, I saw a man."
1557,eng,You're an angel!
1558,eng,People from Madrid are weird.
1559,eng,"Well, the night is quite long, isn't it?"